asset_name,bundle_name,part_index,part_count,local_path,size_bytes,sha256,bundle_size_bytes,bundle_sha256,content,restore_action,restore_target,required_for,zenodo_record_id,download_url
kcat_benchmark_core_data_and_results.tar.gz,kcat_benchmark_core_data_and_results.tar.gz,1,1,release/zenodo/kcat_benchmark_core_data_and_results.tar.gz,25882221,f7bb2834108ec70d73a1bb07c066a9b2379d63fee4b32b7a5835441ed8216573,25882221,f7bb2834108ec70d73a1bb07c066a9b2379d63fee4b32b7a5835441ed8216573,"Unified benchmark CSVs, per-method evaluated tables, reports, figures, and initial analyses.",extract_to_repo_root,.,benchmark inspection and report regeneration,21024684,https://zenodo.org/records/21024684/files/kcat_benchmark_core_data_and_results.tar.gz?download=1
kcat_benchmark_catpred_kcat_assets.tar.gz,kcat_benchmark_catpred_kcat_assets.tar.gz,1,1,release/zenodo/kcat_benchmark_catpred_kcat_assets.tar.gz,94363292,745ed0bf978d19ceaece82b16e7eaad7e21b30365de8df04471670e091c30c9d,94363292,745ed0bf978d19ceaece82b16e7eaad7e21b30365de8df04471670e091c30c9d,CatPred production kcat ensemble checkpoints selected from the official capsule.,extract_to_repo_root,.,CatPred,21024684,https://zenodo.org/records/21024684/files/kcat_benchmark_catpred_kcat_assets.tar.gz?download=1
catpred_db.tar.gz.part001,catpred_db.tar.gz,1,9,release/zenodo/parts/catpred_db.tar.gz.part001,134217728,dd96ce3c21fa9a6bfa31095c78656bae1cf011090b266d8252295f67ac5d0dc1,1144517378,abddba66ef30accc1b9fafb58311102ad38a1eafd36eafe7c5b945e1509c1d75,CatPred-DB dataset bundle used for dataset comparison.,place_file,external_methods/CatPred_datas/catpred-db.tar.gz,CatPred dataset comparison,21024684,https://zenodo.org/records/21024684/files/catpred_db.tar.gz.part001?download=1
catpred_db.tar.gz.part002,catpred_db.tar.gz,2,9,release/zenodo/parts/catpred_db.tar.gz.part002,134217728,7e1a95f3404aaa034ae02d880f4dd18e1bb457e661448cd670fcd432aa2b3cda,1144517378,abddba66ef30accc1b9fafb58311102ad38a1eafd36eafe7c5b945e1509c1d75,CatPred-DB dataset bundle used for dataset comparison.,place_file,external_methods/CatPred_datas/catpred-db.tar.gz,CatPred dataset comparison,21024684,https://zenodo.org/records/21024684/files/catpred_db.tar.gz.part002?download=1
catpred_db.tar.gz.part003,catpred_db.tar.gz,3,9,release/zenodo/parts/catpred_db.tar.gz.part003,134217728,f36d16cf4ad88dbfa087af9a03692d675af8f1025904d2c2d0cd83a9f6314f34,1144517378,abddba66ef30accc1b9fafb58311102ad38a1eafd36eafe7c5b945e1509c1d75,CatPred-DB dataset bundle used for dataset comparison.,place_file,external_methods/CatPred_datas/catpred-db.tar.gz,CatPred dataset comparison,21024684,https://zenodo.org/records/21024684/files/catpred_db.tar.gz.part003?download=1
catpred_db.tar.gz.part004,catpred_db.tar.gz,4,9,release/zenodo/parts/catpred_db.tar.gz.part004,134217728,271734273d1ba82bacf6322f78e057f48b14f6ee91a250293e0b8b36d3a9c783,1144517378,abddba66ef30accc1b9fafb58311102ad38a1eafd36eafe7c5b945e1509c1d75,CatPred-DB dataset bundle used for dataset comparison.,place_file,external_methods/CatPred_datas/catpred-db.tar.gz,CatPred dataset comparison,21024684,https://zenodo.org/records/21024684/files/catpred_db.tar.gz.part004?download=1
catpred_db.tar.gz.part005,catpred_db.tar.gz,5,9,release/zenodo/parts/catpred_db.tar.gz.part005,134217728,e248af44dde5b973b2682c8f60d4f1fe103ceb58c7bb46b90ef493611fcd3326,1144517378,abddba66ef30accc1b9fafb58311102ad38a1eafd36eafe7c5b945e1509c1d75,CatPred-DB dataset bundle used for dataset comparison.,place_file,external_methods/CatPred_datas/catpred-db.tar.gz,CatPred dataset comparison,21024684,https://zenodo.org/records/21024684/files/catpred_db.tar.gz.part005?download=1
catpred_db.tar.gz.part006,catpred_db.tar.gz,6,9,release/zenodo/parts/catpred_db.tar.gz.part006,134217728,1c98668e84d66c9ae59719084ae96d16073b60cf75f14855b141e54aca5ddc48,1144517378,abddba66ef30accc1b9fafb58311102ad38a1eafd36eafe7c5b945e1509c1d75,CatPred-DB dataset bundle used for dataset comparison.,place_file,external_methods/CatPred_datas/catpred-db.tar.gz,CatPred dataset comparison,21024684,https://zenodo.org/records/21024684/files/catpred_db.tar.gz.part006?download=1
catpred_db.tar.gz.part007,catpred_db.tar.gz,7,9,release/zenodo/parts/catpred_db.tar.gz.part007,134217728,11c976a01cef53373181fcc5c89fbecb8ade40d72284e0e017baedd954a93832,1144517378,abddba66ef30accc1b9fafb58311102ad38a1eafd36eafe7c5b945e1509c1d75,CatPred-DB dataset bundle used for dataset comparison.,place_file,external_methods/CatPred_datas/catpred-db.tar.gz,CatPred dataset comparison,21024684,https://zenodo.org/records/21024684/files/catpred_db.tar.gz.part007?download=1
catpred_db.tar.gz.part008,catpred_db.tar.gz,8,9,release/zenodo/parts/catpred_db.tar.gz.part008,134217728,2bf70a566691e1d4b739116458c6992a11149ceeda663dee64e4e3baf4cc085b,1144517378,abddba66ef30accc1b9fafb58311102ad38a1eafd36eafe7c5b945e1509c1d75,CatPred-DB dataset bundle used for dataset comparison.,place_file,external_methods/CatPred_datas/catpred-db.tar.gz,CatPred dataset comparison,21024684,https://zenodo.org/records/21024684/files/catpred_db.tar.gz.part008?download=1
catpred_db.tar.gz.part009,catpred_db.tar.gz,9,9,release/zenodo/parts/catpred_db.tar.gz.part009,70775554,c9edcc8e1a8bbe607ca25888933e63065c49f5edb4a6c77404e79efc9b0178a3,1144517378,abddba66ef30accc1b9fafb58311102ad38a1eafd36eafe7c5b945e1509c1d75,CatPred-DB dataset bundle used for dataset comparison.,place_file,external_methods/CatPred_datas/catpred-db.tar.gz,CatPred dataset comparison,21024684,https://zenodo.org/records/21024684/files/catpred_db.tar.gz.part009?download=1
kinform_results.tar.gz.part001,kinform_results.tar.gz,1,13,release/zenodo/parts/kinform_results.tar.gz.part001,134217728,f85e57ee554af5c582f0b4f3f845fba3a8d5d1c10401e189b1a4e60322286ff9,1660258144,5504549f85f682b6f69e00946ac4346c4e6362400c9fce3580c84b3b41e70d57,KinForm trained models and cached result assets.,place_file_then_extract,external_methods/KinForm/results.tar.gz,KinForm,21024684,https://zenodo.org/records/21024684/files/kinform_results.tar.gz.part001?download=1
kinform_results.tar.gz.part002,kinform_results.tar.gz,2,13,release/zenodo/parts/kinform_results.tar.gz.part002,134217728,a2e1c5016e2903936345c0c1dd31e7ed9de4fa753556f4896c0e93cb375b8ea2,1660258144,5504549f85f682b6f69e00946ac4346c4e6362400c9fce3580c84b3b41e70d57,KinForm trained models and cached result assets.,place_file_then_extract,external_methods/KinForm/results.tar.gz,KinForm,21024684,https://zenodo.org/records/21024684/files/kinform_results.tar.gz.part002?download=1
kinform_results.tar.gz.part003,kinform_results.tar.gz,3,13,release/zenodo/parts/kinform_results.tar.gz.part003,134217728,ec7ab9cd8ba2d61a313733cb58d7c60a2d81bc6a3d2962ca2bcb2bb38039e192,1660258144,5504549f85f682b6f69e00946ac4346c4e6362400c9fce3580c84b3b41e70d57,KinForm trained models and cached result assets.,place_file_then_extract,external_methods/KinForm/results.tar.gz,KinForm,21024684,https://zenodo.org/records/21024684/files/kinform_results.tar.gz.part003?download=1
kinform_results.tar.gz.part004,kinform_results.tar.gz,4,13,release/zenodo/parts/kinform_results.tar.gz.part004,134217728,1092854e78a408cb7c2160cb47dc756e6658368d9eb458ee9257163ec7bc5e26,1660258144,5504549f85f682b6f69e00946ac4346c4e6362400c9fce3580c84b3b41e70d57,KinForm trained models and cached result assets.,place_file_then_extract,external_methods/KinForm/results.tar.gz,KinForm,21024684,https://zenodo.org/records/21024684/files/kinform_results.tar.gz.part004?download=1
kinform_results.tar.gz.part005,kinform_results.tar.gz,5,13,release/zenodo/parts/kinform_results.tar.gz.part005,134217728,187bfe91aafcdcd10203b1da4085a411e8efaae845d638c068295515d1775b7d,1660258144,5504549f85f682b6f69e00946ac4346c4e6362400c9fce3580c84b3b41e70d57,KinForm trained models and cached result assets.,place_file_then_extract,external_methods/KinForm/results.tar.gz,KinForm,21024684,https://zenodo.org/records/21024684/files/kinform_results.tar.gz.part005?download=1
kinform_results.tar.gz.part006,kinform_results.tar.gz,6,13,release/zenodo/parts/kinform_results.tar.gz.part006,134217728,8cd75251bd98165167042ee1fc38c21f2a888fa3b8360f6f508b279792a88388,1660258144,5504549f85f682b6f69e00946ac4346c4e6362400c9fce3580c84b3b41e70d57,KinForm trained models and cached result assets.,place_file_then_extract,external_methods/KinForm/results.tar.gz,KinForm,21024684,https://zenodo.org/records/21024684/files/kinform_results.tar.gz.part006?download=1
kinform_results.tar.gz.part007,kinform_results.tar.gz,7,13,release/zenodo/parts/kinform_results.tar.gz.part007,134217728,92508662d9027c7651c6ffd0229586fceaa48504a763e2460ddecc42106bce78,1660258144,5504549f85f682b6f69e00946ac4346c4e6362400c9fce3580c84b3b41e70d57,KinForm trained models and cached result assets.,place_file_then_extract,external_methods/KinForm/results.tar.gz,KinForm,21024684,https://zenodo.org/records/21024684/files/kinform_results.tar.gz.part007?download=1
kinform_results.tar.gz.part008,kinform_results.tar.gz,8,13,release/zenodo/parts/kinform_results.tar.gz.part008,134217728,34848c016ea4101ea357cbd5345e776f762909d1fe63fa0b6b47ec738db39990,1660258144,5504549f85f682b6f69e00946ac4346c4e6362400c9fce3580c84b3b41e70d57,KinForm trained models and cached result assets.,place_file_then_extract,external_methods/KinForm/results.tar.gz,KinForm,21024684,https://zenodo.org/records/21024684/files/kinform_results.tar.gz.part008?download=1
kinform_results.tar.gz.part009,kinform_results.tar.gz,9,13,release/zenodo/parts/kinform_results.tar.gz.part009,134217728,d44944661d263c4534d08b1b37a7ce6117842ed7923502003b644ab0f76519cf,1660258144,5504549f85f682b6f69e00946ac4346c4e6362400c9fce3580c84b3b41e70d57,KinForm trained models and cached result assets.,place_file_then_extract,external_methods/KinForm/results.tar.gz,KinForm,21024684,https://zenodo.org/records/21024684/files/kinform_results.tar.gz.part009?download=1
kinform_results.tar.gz.part010,kinform_results.tar.gz,10,13,release/zenodo/parts/kinform_results.tar.gz.part010,134217728,ee42d1877b9bc2d7e7ed728364f34a0f5d7d6dee92e1463af74579d85f98122e,1660258144,5504549f85f682b6f69e00946ac4346c4e6362400c9fce3580c84b3b41e70d57,KinForm trained models and cached result assets.,place_file_then_extract,external_methods/KinForm/results.tar.gz,KinForm,21024684,https://zenodo.org/records/21024684/files/kinform_results.tar.gz.part010?download=1
kinform_results.tar.gz.part011,kinform_results.tar.gz,11,13,release/zenodo/parts/kinform_results.tar.gz.part011,134217728,ce78be14039a15f20b9b6418906e7e51f34e8e2c43c3442743005d6298bdc607,1660258144,5504549f85f682b6f69e00946ac4346c4e6362400c9fce3580c84b3b41e70d57,KinForm trained models and cached result assets.,place_file_then_extract,external_methods/KinForm/results.tar.gz,KinForm,21024684,https://zenodo.org/records/21024684/files/kinform_results.tar.gz.part011?download=1
kinform_results.tar.gz.part012,kinform_results.tar.gz,12,13,release/zenodo/parts/kinform_results.tar.gz.part012,134217728,4a7ed76dc5126d4776dabded0eb7f9af4a386afc280819c73707834dcae38b64,1660258144,5504549f85f682b6f69e00946ac4346c4e6362400c9fce3580c84b3b41e70d57,KinForm trained models and cached result assets.,place_file_then_extract,external_methods/KinForm/results.tar.gz,KinForm,21024684,https://zenodo.org/records/21024684/files/kinform_results.tar.gz.part012?download=1
kinform_results.tar.gz.part013,kinform_results.tar.gz,13,13,release/zenodo/parts/kinform_results.tar.gz.part013,49645408,e0730b40014d55d6504d7e200726db210e1c4157c24a2c6930514bf053990807,1660258144,5504549f85f682b6f69e00946ac4346c4e6362400c9fce3580c84b3b41e70d57,KinForm trained models and cached result assets.,place_file_then_extract,external_methods/KinForm/results.tar.gz,KinForm,21024684,https://zenodo.org/records/21024684/files/kinform_results.tar.gz.part013?download=1
kcat_benchmark_mtlkp_kcat_assets.tar.part001,kcat_benchmark_mtlkp_kcat_assets.tar,1,28,release/zenodo/parts/kcat_benchmark_mtlkp_kcat_assets.tar.part001,134217728,41f18f1e5bed602053714f88ecc8c912fec008f9c202da1bc93cc1792aa3a101,3673364480,b6f6bfbf43a6c04d81d2c05f8ba98f1d92d3d6f5eff89b28d17edac436d233a5,MTLKP kcat checkpoint and Uni-Mol assets; download ProtT5-XL from its official source.,extract_to_repo_root,.,MTLKP-official,21024684,https://zenodo.org/records/21024684/files/kcat_benchmark_mtlkp_kcat_assets.tar.part001?download=1
kcat_benchmark_mtlkp_kcat_assets.tar.part002,kcat_benchmark_mtlkp_kcat_assets.tar,2,28,release/zenodo/parts/kcat_benchmark_mtlkp_kcat_assets.tar.part002,134217728,86cbdd98dc5c571106e32411e2646ef4eb00aa2e258e75d1e50da525fafcafc2,3673364480,b6f6bfbf43a6c04d81d2c05f8ba98f1d92d3d6f5eff89b28d17edac436d233a5,MTLKP kcat checkpoint and Uni-Mol assets; download ProtT5-XL from its official source.,extract_to_repo_root,.,MTLKP-official,21024684,https://zenodo.org/records/21024684/files/kcat_benchmark_mtlkp_kcat_assets.tar.part002?download=1
kcat_benchmark_mtlkp_kcat_assets.tar.part003,kcat_benchmark_mtlkp_kcat_assets.tar,3,28,release/zenodo/parts/kcat_benchmark_mtlkp_kcat_assets.tar.part003,134217728,6d3efce47c3bbcff4a253f5967d0011a3b1be82c2d79766c60c26452b16214ca,3673364480,b6f6bfbf43a6c04d81d2c05f8ba98f1d92d3d6f5eff89b28d17edac436d233a5,MTLKP kcat checkpoint and Uni-Mol assets; download ProtT5-XL from its official source.,extract_to_repo_root,.,MTLKP-official,21024684,https://zenodo.org/records/21024684/files/kcat_benchmark_mtlkp_kcat_assets.tar.part003?download=1
kcat_benchmark_mtlkp_kcat_assets.tar.part004,kcat_benchmark_mtlkp_kcat_assets.tar,4,28,release/zenodo/parts/kcat_benchmark_mtlkp_kcat_assets.tar.part004,134217728,dd2c4f9be2e2649d270ca75c9ea40ef85bf100b22c07cc20d57abc7e2066aad8,3673364480,b6f6bfbf43a6c04d81d2c05f8ba98f1d92d3d6f5eff89b28d17edac436d233a5,MTLKP kcat checkpoint and Uni-Mol assets; download ProtT5-XL from its official source.,extract_to_repo_root,.,MTLKP-official,21024684,https://zenodo.org/records/21024684/files/kcat_benchmark_mtlkp_kcat_assets.tar.part004?download=1
kcat_benchmark_mtlkp_kcat_assets.tar.part005,kcat_benchmark_mtlkp_kcat_assets.tar,5,28,release/zenodo/parts/kcat_benchmark_mtlkp_kcat_assets.tar.part005,134217728,a0278717eac196314b1fead14f2e990318134ca671c5b420367bd525f9d244c6,3673364480,b6f6bfbf43a6c04d81d2c05f8ba98f1d92d3d6f5eff89b28d17edac436d233a5,MTLKP kcat checkpoint and Uni-Mol assets; download ProtT5-XL from its official source.,extract_to_repo_root,.,MTLKP-official,21024684,https://zenodo.org/records/21024684/files/kcat_benchmark_mtlkp_kcat_assets.tar.part005?download=1
kcat_benchmark_mtlkp_kcat_assets.tar.part006,kcat_benchmark_mtlkp_kcat_assets.tar,6,28,release/zenodo/parts/kcat_benchmark_mtlkp_kcat_assets.tar.part006,134217728,e920b5f133227b3c60c9eb652a81a72bb15f900565407402dd2ae7bd7a553cb1,3673364480,b6f6bfbf43a6c04d81d2c05f8ba98f1d92d3d6f5eff89b28d17edac436d233a5,MTLKP kcat checkpoint and Uni-Mol assets; download ProtT5-XL from its official source.,extract_to_repo_root,.,MTLKP-official,21024684,https://zenodo.org/records/21024684/files/kcat_benchmark_mtlkp_kcat_assets.tar.part006?download=1
kcat_benchmark_mtlkp_kcat_assets.tar.part007,kcat_benchmark_mtlkp_kcat_assets.tar,7,28,release/zenodo/parts/kcat_benchmark_mtlkp_kcat_assets.tar.part007,134217728,c827b4aa53a6cf2db421d79c4c39bc0b0e7a480c1e3d3e02693a45fb6800d7c1,3673364480,b6f6bfbf43a6c04d81d2c05f8ba98f1d92d3d6f5eff89b28d17edac436d233a5,MTLKP kcat checkpoint and Uni-Mol assets; download ProtT5-XL from its official source.,extract_to_repo_root,.,MTLKP-official,21024684,https://zenodo.org/records/21024684/files/kcat_benchmark_mtlkp_kcat_assets.tar.part007?download=1
kcat_benchmark_mtlkp_kcat_assets.tar.part008,kcat_benchmark_mtlkp_kcat_assets.tar,8,28,release/zenodo/parts/kcat_benchmark_mtlkp_kcat_assets.tar.part008,134217728,c5785161360b92c4623745648b8ff24359d310dc5f5863f32a6e1ea34c4b9131,3673364480,b6f6bfbf43a6c04d81d2c05f8ba98f1d92d3d6f5eff89b28d17edac436d233a5,MTLKP kcat checkpoint and Uni-Mol assets; download ProtT5-XL from its official source.,extract_to_repo_root,.,MTLKP-official,21024684,https://zenodo.org/records/21024684/files/kcat_benchmark_mtlkp_kcat_assets.tar.part008?download=1
kcat_benchmark_mtlkp_kcat_assets.tar.part009,kcat_benchmark_mtlkp_kcat_assets.tar,9,28,release/zenodo/parts/kcat_benchmark_mtlkp_kcat_assets.tar.part009,134217728,4601fa8887bfe8c007d86e45ff6489445e3929a632cc8fc8870b88c3414dd000,3673364480,b6f6bfbf43a6c04d81d2c05f8ba98f1d92d3d6f5eff89b28d17edac436d233a5,MTLKP kcat checkpoint and Uni-Mol assets; download ProtT5-XL from its official source.,extract_to_repo_root,.,MTLKP-official,21024684,https://zenodo.org/records/21024684/files/kcat_benchmark_mtlkp_kcat_assets.tar.part009?download=1
kcat_benchmark_mtlkp_kcat_assets.tar.part010,kcat_benchmark_mtlkp_kcat_assets.tar,10,28,release/zenodo/parts/kcat_benchmark_mtlkp_kcat_assets.tar.part010,134217728,174cb77ace9b264c4211ab95f47f266648daff266bdb13c4666e01b241d86c9e,3673364480,b6f6bfbf43a6c04d81d2c05f8ba98f1d92d3d6f5eff89b28d17edac436d233a5,MTLKP kcat checkpoint and Uni-Mol assets; download ProtT5-XL from its official source.,extract_to_repo_root,.,MTLKP-official,21024684,https://zenodo.org/records/21024684/files/kcat_benchmark_mtlkp_kcat_assets.tar.part010?download=1
kcat_benchmark_mtlkp_kcat_assets.tar.part011,kcat_benchmark_mtlkp_kcat_assets.tar,11,28,release/zenodo/parts/kcat_benchmark_mtlkp_kcat_assets.tar.part011,134217728,b463cde7d2cbfe5aa24ca97da275ec00a640e41b588210444e9a5f80b65f48b6,3673364480,b6f6bfbf43a6c04d81d2c05f8ba98f1d92d3d6f5eff89b28d17edac436d233a5,MTLKP kcat checkpoint and Uni-Mol assets; download ProtT5-XL from its official source.,extract_to_repo_root,.,MTLKP-official,21024684,https://zenodo.org/records/21024684/files/kcat_benchmark_mtlkp_kcat_assets.tar.part011?download=1
kcat_benchmark_mtlkp_kcat_assets.tar.part012,kcat_benchmark_mtlkp_kcat_assets.tar,12,28,release/zenodo/parts/kcat_benchmark_mtlkp_kcat_assets.tar.part012,134217728,807f70f6e1f1f0211ca7ad322bc9cc84610cddee7cd7e38b5d88660fe66ea814,3673364480,b6f6bfbf43a6c04d81d2c05f8ba98f1d92d3d6f5eff89b28d17edac436d233a5,MTLKP kcat checkpoint and Uni-Mol assets; download ProtT5-XL from its official source.,extract_to_repo_root,.,MTLKP-official,21024684,https://zenodo.org/records/21024684/files/kcat_benchmark_mtlkp_kcat_assets.tar.part012?download=1
kcat_benchmark_mtlkp_kcat_assets.tar.part013,kcat_benchmark_mtlkp_kcat_assets.tar,13,28,release/zenodo/parts/kcat_benchmark_mtlkp_kcat_assets.tar.part013,134217728,5c83a9adee75184b865317b0a2663344ec1d61b4a4d283393a42929dca40f4ec,3673364480,b6f6bfbf43a6c04d81d2c05f8ba98f1d92d3d6f5eff89b28d17edac436d233a5,MTLKP kcat checkpoint and Uni-Mol assets; download ProtT5-XL from its official source.,extract_to_repo_root,.,MTLKP-official,21024684,https://zenodo.org/records/21024684/files/kcat_benchmark_mtlkp_kcat_assets.tar.part013?download=1
kcat_benchmark_mtlkp_kcat_assets.tar.part014,kcat_benchmark_mtlkp_kcat_assets.tar,14,28,release/zenodo/parts/kcat_benchmark_mtlkp_kcat_assets.tar.part014,134217728,75cd8e23f28a6ccffc5db85f4237f0c5fd1d9cee4fb2007af777f0b05b005a50,3673364480,b6f6bfbf43a6c04d81d2c05f8ba98f1d92d3d6f5eff89b28d17edac436d233a5,MTLKP kcat checkpoint and Uni-Mol assets; download ProtT5-XL from its official source.,extract_to_repo_root,.,MTLKP-official,21024684,https://zenodo.org/records/21024684/files/kcat_benchmark_mtlkp_kcat_assets.tar.part014?download=1
kcat_benchmark_mtlkp_kcat_assets.tar.part015,kcat_benchmark_mtlkp_kcat_assets.tar,15,28,release/zenodo/parts/kcat_benchmark_mtlkp_kcat_assets.tar.part015,134217728,d32124c6f0aeec08cbd232e65c6792231337a42e8d5375dfb425a4db20e7903f,3673364480,b6f6bfbf43a6c04d81d2c05f8ba98f1d92d3d6f5eff89b28d17edac436d233a5,MTLKP kcat checkpoint and Uni-Mol assets; download ProtT5-XL from its official source.,extract_to_repo_root,.,MTLKP-official,21024684,https://zenodo.org/records/21024684/files/kcat_benchmark_mtlkp_kcat_assets.tar.part015?download=1
kcat_benchmark_mtlkp_kcat_assets.tar.part016,kcat_benchmark_mtlkp_kcat_assets.tar,16,28,release/zenodo/parts/kcat_benchmark_mtlkp_kcat_assets.tar.part016,134217728,8ed4743ab085ef3fe7e80c0237712c8ad7f87441e3013afdd4727df0136b848c,3673364480,b6f6bfbf43a6c04d81d2c05f8ba98f1d92d3d6f5eff89b28d17edac436d233a5,MTLKP kcat checkpoint and Uni-Mol assets; download ProtT5-XL from its official source.,extract_to_repo_root,.,MTLKP-official,21024684,https://zenodo.org/records/21024684/files/kcat_benchmark_mtlkp_kcat_assets.tar.part016?download=1
kcat_benchmark_mtlkp_kcat_assets.tar.part017,kcat_benchmark_mtlkp_kcat_assets.tar,17,28,release/zenodo/parts/kcat_benchmark_mtlkp_kcat_assets.tar.part017,134217728,76a1ddeaf9524cbe6f9db127f9ae2da305f00dba4aca59cf1bd8acf176d5d1ea,3673364480,b6f6bfbf43a6c04d81d2c05f8ba98f1d92d3d6f5eff89b28d17edac436d233a5,MTLKP kcat checkpoint and Uni-Mol assets; download ProtT5-XL from its official source.,extract_to_repo_root,.,MTLKP-official,21024684,https://zenodo.org/records/21024684/files/kcat_benchmark_mtlkp_kcat_assets.tar.part017?download=1
kcat_benchmark_mtlkp_kcat_assets.tar.part018,kcat_benchmark_mtlkp_kcat_assets.tar,18,28,release/zenodo/parts/kcat_benchmark_mtlkp_kcat_assets.tar.part018,134217728,1b1084a8127223546b047fefd5d8e3b028ff6b249e7b8637de339f488551c4fd,3673364480,b6f6bfbf43a6c04d81d2c05f8ba98f1d92d3d6f5eff89b28d17edac436d233a5,MTLKP kcat checkpoint and Uni-Mol assets; download ProtT5-XL from its official source.,extract_to_repo_root,.,MTLKP-official,21024684,https://zenodo.org/records/21024684/files/kcat_benchmark_mtlkp_kcat_assets.tar.part018?download=1
kcat_benchmark_mtlkp_kcat_assets.tar.part019,kcat_benchmark_mtlkp_kcat_assets.tar,19,28,release/zenodo/parts/kcat_benchmark_mtlkp_kcat_assets.tar.part019,134217728,043a46c232564a2ded10a1ef2bab77e19e06bcadbc2ebb9f4b8044dc83f4d2cb,3673364480,b6f6bfbf43a6c04d81d2c05f8ba98f1d92d3d6f5eff89b28d17edac436d233a5,MTLKP kcat checkpoint and Uni-Mol assets; download ProtT5-XL from its official source.,extract_to_repo_root,.,MTLKP-official,21024684,https://zenodo.org/records/21024684/files/kcat_benchmark_mtlkp_kcat_assets.tar.part019?download=1
kcat_benchmark_mtlkp_kcat_assets.tar.part020,kcat_benchmark_mtlkp_kcat_assets.tar,20,28,release/zenodo/parts/kcat_benchmark_mtlkp_kcat_assets.tar.part020,134217728,0ee00d2ab676a6876c8e2b463856b934d753b0de495fa33ff38c7945f0523614,3673364480,b6f6bfbf43a6c04d81d2c05f8ba98f1d92d3d6f5eff89b28d17edac436d233a5,MTLKP kcat checkpoint and Uni-Mol assets; download ProtT5-XL from its official source.,extract_to_repo_root,.,MTLKP-official,21024684,https://zenodo.org/records/21024684/files/kcat_benchmark_mtlkp_kcat_assets.tar.part020?download=1
kcat_benchmark_mtlkp_kcat_assets.tar.part021,kcat_benchmark_mtlkp_kcat_assets.tar,21,28,release/zenodo/parts/kcat_benchmark_mtlkp_kcat_assets.tar.part021,134217728,2ba77ee064fa4988bd57ac4fceb89621e71030179c26cc09b5c72864b1a7f1f8,3673364480,b6f6bfbf43a6c04d81d2c05f8ba98f1d92d3d6f5eff89b28d17edac436d233a5,MTLKP kcat checkpoint and Uni-Mol assets; download ProtT5-XL from its official source.,extract_to_repo_root,.,MTLKP-official,21024684,https://zenodo.org/records/21024684/files/kcat_benchmark_mtlkp_kcat_assets.tar.part021?download=1
kcat_benchmark_mtlkp_kcat_assets.tar.part022,kcat_benchmark_mtlkp_kcat_assets.tar,22,28,release/zenodo/parts/kcat_benchmark_mtlkp_kcat_assets.tar.part022,134217728,897fb4db72dbc85659ea2991164a1c948f5c4ed16c572d6345879503abf8aa47,3673364480,b6f6bfbf43a6c04d81d2c05f8ba98f1d92d3d6f5eff89b28d17edac436d233a5,MTLKP kcat checkpoint and Uni-Mol assets; download ProtT5-XL from its official source.,extract_to_repo_root,.,MTLKP-official,21024684,https://zenodo.org/records/21024684/files/kcat_benchmark_mtlkp_kcat_assets.tar.part022?download=1
kcat_benchmark_mtlkp_kcat_assets.tar.part023,kcat_benchmark_mtlkp_kcat_assets.tar,23,28,release/zenodo/parts/kcat_benchmark_mtlkp_kcat_assets.tar.part023,134217728,6932e407f01172b560372f0d59309aa453313bac473ec8f1f09708d64394aaa1,3673364480,b6f6bfbf43a6c04d81d2c05f8ba98f1d92d3d6f5eff89b28d17edac436d233a5,MTLKP kcat checkpoint and Uni-Mol assets; download ProtT5-XL from its official source.,extract_to_repo_root,.,MTLKP-official,21024684,https://zenodo.org/records/21024684/files/kcat_benchmark_mtlkp_kcat_assets.tar.part023?download=1
kcat_benchmark_mtlkp_kcat_assets.tar.part024,kcat_benchmark_mtlkp_kcat_assets.tar,24,28,release/zenodo/parts/kcat_benchmark_mtlkp_kcat_assets.tar.part024,134217728,c86565bfbe2710d6f1d8130bdd26a426d336c1dd0e099b07201ea06e1e8674b9,3673364480,b6f6bfbf43a6c04d81d2c05f8ba98f1d92d3d6f5eff89b28d17edac436d233a5,MTLKP kcat checkpoint and Uni-Mol assets; download ProtT5-XL from its official source.,extract_to_repo_root,.,MTLKP-official,21024684,https://zenodo.org/records/21024684/files/kcat_benchmark_mtlkp_kcat_assets.tar.part024?download=1
kcat_benchmark_mtlkp_kcat_assets.tar.part025,kcat_benchmark_mtlkp_kcat_assets.tar,25,28,release/zenodo/parts/kcat_benchmark_mtlkp_kcat_assets.tar.part025,134217728,8ff1d9e81634f172602e9551bc869ade7bbbf7019e6309f870d2279dac1f7330,3673364480,b6f6bfbf43a6c04d81d2c05f8ba98f1d92d3d6f5eff89b28d17edac436d233a5,MTLKP kcat checkpoint and Uni-Mol assets; download ProtT5-XL from its official source.,extract_to_repo_root,.,MTLKP-official,21024684,https://zenodo.org/records/21024684/files/kcat_benchmark_mtlkp_kcat_assets.tar.part025?download=1
kcat_benchmark_mtlkp_kcat_assets.tar.part026,kcat_benchmark_mtlkp_kcat_assets.tar,26,28,release/zenodo/parts/kcat_benchmark_mtlkp_kcat_assets.tar.part026,134217728,0f132b7e12b8b49bb1d3418a14eef22722c25eaeb2d43936fe609e447c811b08,3673364480,b6f6bfbf43a6c04d81d2c05f8ba98f1d92d3d6f5eff89b28d17edac436d233a5,MTLKP kcat checkpoint and Uni-Mol assets; download ProtT5-XL from its official source.,extract_to_repo_root,.,MTLKP-official,21024684,https://zenodo.org/records/21024684/files/kcat_benchmark_mtlkp_kcat_assets.tar.part026?download=1
kcat_benchmark_mtlkp_kcat_assets.tar.part027,kcat_benchmark_mtlkp_kcat_assets.tar,27,28,release/zenodo/parts/kcat_benchmark_mtlkp_kcat_assets.tar.part027,134217728,a2b2d5a7c3ffb7c99d3d943948b951e18818effc4c0311c5bc8e110ea52204cb,3673364480,b6f6bfbf43a6c04d81d2c05f8ba98f1d92d3d6f5eff89b28d17edac436d233a5,MTLKP kcat checkpoint and Uni-Mol assets; download ProtT5-XL from its official source.,extract_to_repo_root,.,MTLKP-official,21024684,https://zenodo.org/records/21024684/files/kcat_benchmark_mtlkp_kcat_assets.tar.part027?download=1
kcat_benchmark_mtlkp_kcat_assets.tar.part028,kcat_benchmark_mtlkp_kcat_assets.tar,28,28,release/zenodo/parts/kcat_benchmark_mtlkp_kcat_assets.tar.part028,49485824,3d688d4c3162ad5f02aa73e9dbab13a734147b2754ec1f6053098e4fa460dfd2,3673364480,b6f6bfbf43a6c04d81d2c05f8ba98f1d92d3d6f5eff89b28d17edac436d233a5,MTLKP kcat checkpoint and Uni-Mol assets; download ProtT5-XL from its official source.,extract_to_repo_root,.,MTLKP-official,21024684,https://zenodo.org/records/21024684/files/kcat_benchmark_mtlkp_kcat_assets.tar.part028?download=1
kcat_benchmark_turnup_kcat_assets.tar.part001,kcat_benchmark_turnup_kcat_assets.tar,1,21,release/zenodo/parts/kcat_benchmark_turnup_kcat_assets.tar.part001,134217728,a25f872bc0f42d40323b8b9e353b18b2af89057ba4f4f38c7e4304b8d9f91be5,2751918080,8710f52ae87c78e1af53df3c339651617d0fa8b9cd5eac0fa880f49a933a2d58,"TurNuP task model, XGBoost, molecular files, and reaction assets; download base ESM1b separately.",extract_to_repo_root,.,TurNuP-official,21024684,https://zenodo.org/records/21024684/files/kcat_benchmark_turnup_kcat_assets.tar.part001?download=1
kcat_benchmark_turnup_kcat_assets.tar.part002,kcat_benchmark_turnup_kcat_assets.tar,2,21,release/zenodo/parts/kcat_benchmark_turnup_kcat_assets.tar.part002,134217728,f918dd742d2399b90858a9484a5967d90c7b334acec3682e8eb2f89902486e97,2751918080,8710f52ae87c78e1af53df3c339651617d0fa8b9cd5eac0fa880f49a933a2d58,"TurNuP task model, XGBoost, molecular files, and reaction assets; download base ESM1b separately.",extract_to_repo_root,.,TurNuP-official,21024684,https://zenodo.org/records/21024684/files/kcat_benchmark_turnup_kcat_assets.tar.part002?download=1
kcat_benchmark_turnup_kcat_assets.tar.part003,kcat_benchmark_turnup_kcat_assets.tar,3,21,release/zenodo/parts/kcat_benchmark_turnup_kcat_assets.tar.part003,134217728,17c6f43e74cb03a257cd3b23d2e1624d38bd56038dc07820b40949f6bdbac004,2751918080,8710f52ae87c78e1af53df3c339651617d0fa8b9cd5eac0fa880f49a933a2d58,"TurNuP task model, XGBoost, molecular files, and reaction assets; download base ESM1b separately.",extract_to_repo_root,.,TurNuP-official,21024684,https://zenodo.org/records/21024684/files/kcat_benchmark_turnup_kcat_assets.tar.part003?download=1
kcat_benchmark_turnup_kcat_assets.tar.part004,kcat_benchmark_turnup_kcat_assets.tar,4,21,release/zenodo/parts/kcat_benchmark_turnup_kcat_assets.tar.part004,134217728,abed3c5030ade012d2dd676d50ead853832c04be3991c156522cf9bbfdede904,2751918080,8710f52ae87c78e1af53df3c339651617d0fa8b9cd5eac0fa880f49a933a2d58,"TurNuP task model, XGBoost, molecular files, and reaction assets; download base ESM1b separately.",extract_to_repo_root,.,TurNuP-official,21024684,https://zenodo.org/records/21024684/files/kcat_benchmark_turnup_kcat_assets.tar.part004?download=1
kcat_benchmark_turnup_kcat_assets.tar.part005,kcat_benchmark_turnup_kcat_assets.tar,5,21,release/zenodo/parts/kcat_benchmark_turnup_kcat_assets.tar.part005,134217728,647943baab3b332a5a4173e7046e2db00294ab6b99f04b58b28a619295c9c0de,2751918080,8710f52ae87c78e1af53df3c339651617d0fa8b9cd5eac0fa880f49a933a2d58,"TurNuP task model, XGBoost, molecular files, and reaction assets; download base ESM1b separately.",extract_to_repo_root,.,TurNuP-official,21024684,https://zenodo.org/records/21024684/files/kcat_benchmark_turnup_kcat_assets.tar.part005?download=1
kcat_benchmark_turnup_kcat_assets.tar.part006,kcat_benchmark_turnup_kcat_assets.tar,6,21,release/zenodo/parts/kcat_benchmark_turnup_kcat_assets.tar.part006,134217728,0f9bdc4dffa9e8d7e111ad7b8ed9cbaeca402b779a9c817363116e3a6625eb0e,2751918080,8710f52ae87c78e1af53df3c339651617d0fa8b9cd5eac0fa880f49a933a2d58,"TurNuP task model, XGBoost, molecular files, and reaction assets; download base ESM1b separately.",extract_to_repo_root,.,TurNuP-official,21024684,https://zenodo.org/records/21024684/files/kcat_benchmark_turnup_kcat_assets.tar.part006?download=1
kcat_benchmark_turnup_kcat_assets.tar.part007,kcat_benchmark_turnup_kcat_assets.tar,7,21,release/zenodo/parts/kcat_benchmark_turnup_kcat_assets.tar.part007,134217728,281796b18eb262a8daf7b66a63453ce7822d64ba58ef5c8a381dfdab707abe05,2751918080,8710f52ae87c78e1af53df3c339651617d0fa8b9cd5eac0fa880f49a933a2d58,"TurNuP task model, XGBoost, molecular files, and reaction assets; download base ESM1b separately.",extract_to_repo_root,.,TurNuP-official,21024684,https://zenodo.org/records/21024684/files/kcat_benchmark_turnup_kcat_assets.tar.part007?download=1
kcat_benchmark_turnup_kcat_assets.tar.part008,kcat_benchmark_turnup_kcat_assets.tar,8,21,release/zenodo/parts/kcat_benchmark_turnup_kcat_assets.tar.part008,134217728,f9b9e2a28228b64591505baa1a490308cce21bad38bf133e856658bc1aa982fa,2751918080,8710f52ae87c78e1af53df3c339651617d0fa8b9cd5eac0fa880f49a933a2d58,"TurNuP task model, XGBoost, molecular files, and reaction assets; download base ESM1b separately.",extract_to_repo_root,.,TurNuP-official,21024684,https://zenodo.org/records/21024684/files/kcat_benchmark_turnup_kcat_assets.tar.part008?download=1
kcat_benchmark_turnup_kcat_assets.tar.part009,kcat_benchmark_turnup_kcat_assets.tar,9,21,release/zenodo/parts/kcat_benchmark_turnup_kcat_assets.tar.part009,134217728,995fea5bcd31918ebe1cd7adfc3e8880a1dacb960224ff6face8690f1ac88319,2751918080,8710f52ae87c78e1af53df3c339651617d0fa8b9cd5eac0fa880f49a933a2d58,"TurNuP task model, XGBoost, molecular files, and reaction assets; download base ESM1b separately.",extract_to_repo_root,.,TurNuP-official,21024684,https://zenodo.org/records/21024684/files/kcat_benchmark_turnup_kcat_assets.tar.part009?download=1
kcat_benchmark_turnup_kcat_assets.tar.part010,kcat_benchmark_turnup_kcat_assets.tar,10,21,release/zenodo/parts/kcat_benchmark_turnup_kcat_assets.tar.part010,134217728,01ed6474f8ce4a04adf46ebbb51b319c6a3c66ca593a3b13ed77e00449cf1b07,2751918080,8710f52ae87c78e1af53df3c339651617d0fa8b9cd5eac0fa880f49a933a2d58,"TurNuP task model, XGBoost, molecular files, and reaction assets; download base ESM1b separately.",extract_to_repo_root,.,TurNuP-official,21024684,https://zenodo.org/records/21024684/files/kcat_benchmark_turnup_kcat_assets.tar.part010?download=1
kcat_benchmark_turnup_kcat_assets.tar.part011,kcat_benchmark_turnup_kcat_assets.tar,11,21,release/zenodo/parts/kcat_benchmark_turnup_kcat_assets.tar.part011,134217728,411f5af89e64d340b386646e97f4737d9cde2ff362fe3a8caffc8a18698888e2,2751918080,8710f52ae87c78e1af53df3c339651617d0fa8b9cd5eac0fa880f49a933a2d58,"TurNuP task model, XGBoost, molecular files, and reaction assets; download base ESM1b separately.",extract_to_repo_root,.,TurNuP-official,21024684,https://zenodo.org/records/21024684/files/kcat_benchmark_turnup_kcat_assets.tar.part011?download=1
kcat_benchmark_turnup_kcat_assets.tar.part012,kcat_benchmark_turnup_kcat_assets.tar,12,21,release/zenodo/parts/kcat_benchmark_turnup_kcat_assets.tar.part012,134217728,1e9e587d69ca7b36ae71fffc3ae618d4ee7ec02afbf73a9314322e4635c6d152,2751918080,8710f52ae87c78e1af53df3c339651617d0fa8b9cd5eac0fa880f49a933a2d58,"TurNuP task model, XGBoost, molecular files, and reaction assets; download base ESM1b separately.",extract_to_repo_root,.,TurNuP-official,21024684,https://zenodo.org/records/21024684/files/kcat_benchmark_turnup_kcat_assets.tar.part012?download=1
kcat_benchmark_turnup_kcat_assets.tar.part013,kcat_benchmark_turnup_kcat_assets.tar,13,21,release/zenodo/parts/kcat_benchmark_turnup_kcat_assets.tar.part013,134217728,962ea6a2d22c7fbcf739cc58964301d13667027162469d2fdf871c78a4ab25e6,2751918080,8710f52ae87c78e1af53df3c339651617d0fa8b9cd5eac0fa880f49a933a2d58,"TurNuP task model, XGBoost, molecular files, and reaction assets; download base ESM1b separately.",extract_to_repo_root,.,TurNuP-official,21024684,https://zenodo.org/records/21024684/files/kcat_benchmark_turnup_kcat_assets.tar.part013?download=1
kcat_benchmark_turnup_kcat_assets.tar.part014,kcat_benchmark_turnup_kcat_assets.tar,14,21,release/zenodo/parts/kcat_benchmark_turnup_kcat_assets.tar.part014,134217728,1198da9c39a100794ec108ecf9061d821c8be1b95b2d2df9dff2d619cf0ac8c4,2751918080,8710f52ae87c78e1af53df3c339651617d0fa8b9cd5eac0fa880f49a933a2d58,"TurNuP task model, XGBoost, molecular files, and reaction assets; download base ESM1b separately.",extract_to_repo_root,.,TurNuP-official,21024684,https://zenodo.org/records/21024684/files/kcat_benchmark_turnup_kcat_assets.tar.part014?download=1
kcat_benchmark_turnup_kcat_assets.tar.part015,kcat_benchmark_turnup_kcat_assets.tar,15,21,release/zenodo/parts/kcat_benchmark_turnup_kcat_assets.tar.part015,134217728,ac0e7d681d73ecaa8cf498001a9896fa1384532645d894b9c00aa7f0658f4e03,2751918080,8710f52ae87c78e1af53df3c339651617d0fa8b9cd5eac0fa880f49a933a2d58,"TurNuP task model, XGBoost, molecular files, and reaction assets; download base ESM1b separately.",extract_to_repo_root,.,TurNuP-official,21024684,https://zenodo.org/records/21024684/files/kcat_benchmark_turnup_kcat_assets.tar.part015?download=1
kcat_benchmark_turnup_kcat_assets.tar.part016,kcat_benchmark_turnup_kcat_assets.tar,16,21,release/zenodo/parts/kcat_benchmark_turnup_kcat_assets.tar.part016,134217728,b258ac37e7720ce20876b9c6afc894b6a18d4a1b316c7253a723534708125590,2751918080,8710f52ae87c78e1af53df3c339651617d0fa8b9cd5eac0fa880f49a933a2d58,"TurNuP task model, XGBoost, molecular files, and reaction assets; download base ESM1b separately.",extract_to_repo_root,.,TurNuP-official,21024684,https://zenodo.org/records/21024684/files/kcat_benchmark_turnup_kcat_assets.tar.part016?download=1
kcat_benchmark_turnup_kcat_assets.tar.part017,kcat_benchmark_turnup_kcat_assets.tar,17,21,release/zenodo/parts/kcat_benchmark_turnup_kcat_assets.tar.part017,134217728,7650a73a19ae6915cecfafafa2d780b385c23ee1e545bb2bfefea3e46c0bc199,2751918080,8710f52ae87c78e1af53df3c339651617d0fa8b9cd5eac0fa880f49a933a2d58,"TurNuP task model, XGBoost, molecular files, and reaction assets; download base ESM1b separately.",extract_to_repo_root,.,TurNuP-official,21024684,https://zenodo.org/records/21024684/files/kcat_benchmark_turnup_kcat_assets.tar.part017?download=1
kcat_benchmark_turnup_kcat_assets.tar.part018,kcat_benchmark_turnup_kcat_assets.tar,18,21,release/zenodo/parts/kcat_benchmark_turnup_kcat_assets.tar.part018,134217728,3cb3ee76c04d8f0fcf0fffd376b4e20905d112d7fb326255dd3ea4328f03fb7c,2751918080,8710f52ae87c78e1af53df3c339651617d0fa8b9cd5eac0fa880f49a933a2d58,"TurNuP task model, XGBoost, molecular files, and reaction assets; download base ESM1b separately.",extract_to_repo_root,.,TurNuP-official,21024684,https://zenodo.org/records/21024684/files/kcat_benchmark_turnup_kcat_assets.tar.part018?download=1
kcat_benchmark_turnup_kcat_assets.tar.part019,kcat_benchmark_turnup_kcat_assets.tar,19,21,release/zenodo/parts/kcat_benchmark_turnup_kcat_assets.tar.part019,134217728,7939d724385183bdaa588842b9f123d54c3f1403531c34c228568593252b8f29,2751918080,8710f52ae87c78e1af53df3c339651617d0fa8b9cd5eac0fa880f49a933a2d58,"TurNuP task model, XGBoost, molecular files, and reaction assets; download base ESM1b separately.",extract_to_repo_root,.,TurNuP-official,21024684,https://zenodo.org/records/21024684/files/kcat_benchmark_turnup_kcat_assets.tar.part019?download=1
kcat_benchmark_turnup_kcat_assets.tar.part020,kcat_benchmark_turnup_kcat_assets.tar,20,21,release/zenodo/parts/kcat_benchmark_turnup_kcat_assets.tar.part020,134217728,fe6fa0a47af4834828671c42cfa27becc4013d1829afb76d0952793186e00ac9,2751918080,8710f52ae87c78e1af53df3c339651617d0fa8b9cd5eac0fa880f49a933a2d58,"TurNuP task model, XGBoost, molecular files, and reaction assets; download base ESM1b separately.",extract_to_repo_root,.,TurNuP-official,21024684,https://zenodo.org/records/21024684/files/kcat_benchmark_turnup_kcat_assets.tar.part020?download=1
kcat_benchmark_turnup_kcat_assets.tar.part021,kcat_benchmark_turnup_kcat_assets.tar,21,21,release/zenodo/parts/kcat_benchmark_turnup_kcat_assets.tar.part021,67563520,7457a1b7967115b1cd688d52a22f20cad550e8f332f88a3a2db71e7c0def6c20,2751918080,8710f52ae87c78e1af53df3c339651617d0fa8b9cd5eac0fa880f49a933a2d58,"TurNuP task model, XGBoost, molecular files, and reaction assets; download base ESM1b separately.",extract_to_repo_root,.,TurNuP-official,21024684,https://zenodo.org/records/21024684/files/kcat_benchmark_turnup_kcat_assets.tar.part021?download=1
kcat_benchmark_other_model_assets.tar.part001,kcat_benchmark_other_model_assets.tar,1,8,release/zenodo/parts/kcat_benchmark_other_model_assets.tar.part001,134217728,c3ba2b0bc6c59b4a3a14353b757237f9e18d365f7b03b2682f6a4cc9b99dacd5,1041879040,3ac7a76cbb4f85913fcd7e032bc3801e993dc6d71ece5497201f7eafdf806311,"CataPro, PMAK, KcatNet, PreTKcat, UniKP, SELFprot, and public-retrained DEKP model assets.",extract_to_repo_root,.,remaining benchmark methods,21024684,https://zenodo.org/records/21024684/files/kcat_benchmark_other_model_assets.tar.part001?download=1
kcat_benchmark_other_model_assets.tar.part002,kcat_benchmark_other_model_assets.tar,2,8,release/zenodo/parts/kcat_benchmark_other_model_assets.tar.part002,134217728,1b32fd4d64aecad04c60af4bc29eaaef3ff20c5a62c3ed2ec994b176491a9013,1041879040,3ac7a76cbb4f85913fcd7e032bc3801e993dc6d71ece5497201f7eafdf806311,"CataPro, PMAK, KcatNet, PreTKcat, UniKP, SELFprot, and public-retrained DEKP model assets.",extract_to_repo_root,.,remaining benchmark methods,21024684,https://zenodo.org/records/21024684/files/kcat_benchmark_other_model_assets.tar.part002?download=1
kcat_benchmark_other_model_assets.tar.part003,kcat_benchmark_other_model_assets.tar,3,8,release/zenodo/parts/kcat_benchmark_other_model_assets.tar.part003,134217728,8268c56cd2838ead6d5c4d4c3f6234926e3533084665e3dc2d823c793f96d92a,1041879040,3ac7a76cbb4f85913fcd7e032bc3801e993dc6d71ece5497201f7eafdf806311,"CataPro, PMAK, KcatNet, PreTKcat, UniKP, SELFprot, and public-retrained DEKP model assets.",extract_to_repo_root,.,remaining benchmark methods,21024684,https://zenodo.org/records/21024684/files/kcat_benchmark_other_model_assets.tar.part003?download=1
kcat_benchmark_other_model_assets.tar.part004,kcat_benchmark_other_model_assets.tar,4,8,release/zenodo/parts/kcat_benchmark_other_model_assets.tar.part004,134217728,ebae2de1fc85dd740e8b35358ea686e0b5a4f4a58225a6858e23d1d4a5645e79,1041879040,3ac7a76cbb4f85913fcd7e032bc3801e993dc6d71ece5497201f7eafdf806311,"CataPro, PMAK, KcatNet, PreTKcat, UniKP, SELFprot, and public-retrained DEKP model assets.",extract_to_repo_root,.,remaining benchmark methods,21024684,https://zenodo.org/records/21024684/files/kcat_benchmark_other_model_assets.tar.part004?download=1
kcat_benchmark_other_model_assets.tar.part005,kcat_benchmark_other_model_assets.tar,5,8,release/zenodo/parts/kcat_benchmark_other_model_assets.tar.part005,134217728,2239624f23c68787a3bf2e3d71cf42a94bd7654430d2f6361b09c5d364711171,1041879040,3ac7a76cbb4f85913fcd7e032bc3801e993dc6d71ece5497201f7eafdf806311,"CataPro, PMAK, KcatNet, PreTKcat, UniKP, SELFprot, and public-retrained DEKP model assets.",extract_to_repo_root,.,remaining benchmark methods,21024684,https://zenodo.org/records/21024684/files/kcat_benchmark_other_model_assets.tar.part005?download=1
kcat_benchmark_other_model_assets.tar.part006,kcat_benchmark_other_model_assets.tar,6,8,release/zenodo/parts/kcat_benchmark_other_model_assets.tar.part006,134217728,bb57307e14cf47aca7a50abb09f5539f9cfb5ab1de39dcdafa9440218ab608f6,1041879040,3ac7a76cbb4f85913fcd7e032bc3801e993dc6d71ece5497201f7eafdf806311,"CataPro, PMAK, KcatNet, PreTKcat, UniKP, SELFprot, and public-retrained DEKP model assets.",extract_to_repo_root,.,remaining benchmark methods,21024684,https://zenodo.org/records/21024684/files/kcat_benchmark_other_model_assets.tar.part006?download=1
kcat_benchmark_other_model_assets.tar.part007,kcat_benchmark_other_model_assets.tar,7,8,release/zenodo/parts/kcat_benchmark_other_model_assets.tar.part007,134217728,387768fbd3c95fdb2cebb65749da2fe55aabe4169bd07068caacfedd0c10eb6f,1041879040,3ac7a76cbb4f85913fcd7e032bc3801e993dc6d71ece5497201f7eafdf806311,"CataPro, PMAK, KcatNet, PreTKcat, UniKP, SELFprot, and public-retrained DEKP model assets.",extract_to_repo_root,.,remaining benchmark methods,21024684,https://zenodo.org/records/21024684/files/kcat_benchmark_other_model_assets.tar.part007?download=1
kcat_benchmark_other_model_assets.tar.part008,kcat_benchmark_other_model_assets.tar,8,8,release/zenodo/parts/kcat_benchmark_other_model_assets.tar.part008,102354944,7fbb2c1df43a0d4fdf89ee5af98d8aacf2582c504c7b96373782b165c8dc5ffa,1041879040,3ac7a76cbb4f85913fcd7e032bc3801e993dc6d71ece5497201f7eafdf806311,"CataPro, PMAK, KcatNet, PreTKcat, UniKP, SELFprot, and public-retrained DEKP model assets.",extract_to_repo_root,.,remaining benchmark methods,21024684,https://zenodo.org/records/21024684/files/kcat_benchmark_other_model_assets.tar.part008?download=1
