entry_id,selected_measurements,source_databases,log10_range,log10_median_absolute_deviation,log10_mean_absolute_deviation_from_entry_median,brenda_sabiork_median_difference_abs_log10,pH_range,temperature_range_c
ecoli|CPPPGO|g1|cpppg3_c,1,BRENDA,,,,,,
ecoli|GTHOr|g1|gthox_c,2,BRENDA,0.12594672479953095,0.06297336239976548,0.06297336239976548,,0.0,
ecoli|PFK_3|g1|atp_c,2,BRENDA,3.224189965431259,1.6120949827156295,1.6120949827156295,,0.0,
ecoli|PFK_3|g1|s7p_c,1,BRENDA,,,,,,
ecoli|LEUTAi_num1|g1|4mop_c,2,BRENDA,2.489606966267722,1.244803483133861,1.244803483133861,,0.0,12.0
ecoli|SHK3Dr|g1|3dhsk_c,2,SABIO-RK,0.0,0.0,0.0,,0.0,0.0
ecoli|SHK3Dr|g1|h_c,2,SABIO-RK,0.0,0.0,0.0,,0.0,0.0
ecoli|SHK3Dr|g1|nadph_c,2,SABIO-RK,0.0,0.0,0.0,,0.0,0.0
ecoli|APRAUR|g1|5apru_c,3,SABIO-RK,1.1026627990489932,0.01158279920946248,0.3675542663496644,,0.0,0.0
ecoli|APRAUR|g1|h_c,3,SABIO-RK,1.1026627990489932,0.01158279920946248,0.3675542663496644,,0.0,0.0
ecoli|APRAUR|g1|nadph_c,2,SABIO-RK,0.01158279920946248,0.00579139960473124,0.00579139960473124,,0.0,0.0
ecoli|ACP1_FMN_num1|g1|fmn_c,2,BRENDA,0.1602144969568431,0.08010724847842154,0.08010724847842154,,,
ecoli|RBFSb|g1|dmlz_c,1,SABIO-RK,,,,,,
ecoli|UPP3S|g1|hmbil_c,1,BRENDA,,,,,,
ecoli|TMDPP|g1|thymd_c,2,BRENDA,0.182721837954694,0.091360918977347,0.091360918977347,,0.9000000000000004,12.0
ecoli|HCO3E_num1|g1|co2_c,1,BRENDA,,,,,,
ecoli|IMPD|g1|imp_c,1,BRENDA,,,,,,
ecoli|GLUTRS|g1|atp_c,2,BRENDA,1.3424226808222062,0.6712113404111031,0.6712113404111031,,,
ecoli|GLUTRS|g1|glu__L_c,2,BRENDA,1.3881801713828814,0.6940900856914407,0.6940900856914407,,,
ecoli|XPPT|g1|prpp_c,1,BRENDA,,,,,,
ecoli|XPPT|g1|xan_c,1,BRENDA,,,,,,
ecoli|OMPDC|g1|orot5p_c,1,BRENDA,,,,,,
ecoli|CS|g1|accoa_c,2,BRENDA,0.11197375944393229,0.05598687972196614,0.05598687972196614,,,
ecoli|CS|g1|oaa_c,2,BRENDA,0.055302808466905606,0.027651404233452803,0.027651404233452803,,,
ecoli|ICDHyr|g1|icit_c,2,BRENDA,0.3126118682137966,0.1563059341068983,0.1563059341068983,,0.5,15.0
ecoli|ICDHyr|g1|nadp_c,1,BRENDA,,,,,,
ecoli|ACALD_num1|g1|acald_c,1,BRENDA,,,,,,
ecoli|ACS|g1|ac_c,2,BRENDA,2.0786153899650937,1.039307694982547,1.039307694982547,,0.0,0.0
ecoli|ACS|g1|atp_c,2,BRENDA,2.121178587734993,1.0605892938674968,1.0605892938674968,,0.0,0.0
ecoli|PPA_num1|g1|ppi_c,14,BRENDA,3.059585689984244,0.26573945852112757,0.5833599792439108,,2.5999999999999996,0.0
ecoli|PPCK|g1|oaa_c,1,BRENDA,,,,,,
ecoli|ME1|g1|mal__L_c,1,BRENDA,,,,,,
ecoli|ME1|g1|nad_c,1,BRENDA,,,,,,
ecoli|ALAR_num1|g1|ala__L_c,10,BRENDA,1.403610695586661,0.17464095237263877,0.28732929623405756,,0.1999999999999993,7.0
ecoli|XYLK_num1|g1|xylu__D_c,2,BRENDA,1.4130037551079138,0.7065018775539569,0.7065018775539569,,,
ecoli|ASPTA_num1|g1|akg_c,8,SABIO-RK,1.3416478465722452,0.18287766265031813,0.3116011850039447,,0.0,0.0
ecoli|ASPTA_num1|g1|asp__L_c,6,BRENDA;SABIO-RK,2.016705693502853,0.4119543704721593,0.5789800444239456,0.4328503778892123,0.5999999999999996,5.0
ecoli|FBP_num1|g1|fdp_c,7,BRENDA,0.6590984922983265,0.11394335230683672,0.18775565315082257,,1.5,15.0
ecoli|GLGC|g1|atp_c,1,BRENDA,,,,,,
ecoli|A5PISO_num1|g1|ru5p__D_c,4,BRENDA,1.385350881364017,0.5638932897405631,0.6226031615979049,,1.9000000000000004,0.0
ecoli|PSCVT|g1|pep_c,4,BRENDA,0.853871964321762,0.17951097132083405,0.23435450394295926,,,
ecoli|PSCVT|g1|skm5p_c,3,BRENDA,0.853871964321762,0.3590219426416681,0.28462398810725403,,,
ecoli|ANPRT|g1|anth_c,1,BRENDA,,,,,,
ecoli|ANPRT|g1|prpp_c,1,BRENDA,,,,,,
ecoli|CHORM_num1|g1|chor_c,1,BRENDA,,,,,,
ecoli|IGPS|g1|2cpr5p_c,8,SABIO-RK,1.8893017025063104,0.07669568448025232,0.2911717551027182,,0.2999999999999998,12.0
ecoli|FBA_num1|g1|fdp_c,2,BRENDA,0.2384744919993398,0.1192372459996699,0.1192372459996699,,,0.0
ecoli|MGSA|g1|dhap_c,2,BRENDA,0.08956964984231286,0.04478482492115643,0.04478482492115643,,1.0,0.0
ecoli|PGK|g1|3pg_c,8,SABIO-RK,0.6989700043360187,0.13247269392289507,0.1658212377616755,,,0.0
ecoli|PGK|g1|atp_c,8,SABIO-RK,0.6989700043360187,0.13247269392289507,0.1658212377616755,,,0.0
ecoli|EDA|g1|2ddg6p_c,5,BRENDA,4.653977790593456,0.015988105384130424,0.9339931791955174,,0.0,2.0
ecoli|TALA_num1|g1|g3p_c,1,BRENDA,,,,,,
ecoli|G6PDA|g1|gam6p_c,8,BRENDA,1.9030899869919438,0.17135331311374247,0.3249894732808546,,0.0,0.0
ecoli|NADDP_num1|g1|nad_c,1,BRENDA,,,,,,
ecoli|HMPK1_num1|g1|4ahmmp_c,1,BRENDA,,,,,,
ecoli|HMPK1_num1|g1|atp_c,1,BRENDA,,,,,,
ecoli|DURIPP_num1|g1|duri_c,1,BRENDA,,,,,,
ecoli|DURIPP_num1|g1|pi_c,3,BRENDA,1.7175794307730692,0.36823906960053265,0.5725264769243564,,,13.0
ecoli|TRPAS2|g1|trp__L_c,1,BRENDA,,,,,,
ecoli|ILETA|g1|ile__L_c,1,BRENDA,,,,,,
ecoli|VALTA|g1|val__L_c,1,BRENDA,,,,,,
ecoli|RBFSa|g1|4r5au_c,1,SABIO-RK,,,,,,
ecoli|G1PP_num1|g1|g1p_c,1,BRENDA,,,,,,
ecoli|PTAr_num1|g1|accoa_c,17,BRENDA;SABIO-RK,3.8947742598240773,1.0170333392987803,0.983698861892681,1.5579951840919144,,0.0
ecoli|PTAr_num1|g1|pi_c,16,SABIO-RK,3.8947742598240773,0.6443869794303869,0.9652945962169435,,,0.0
ecoli|ACKr_num1|g1|ac_c,4,BRENDA,0.4041003173768565,0.13573737605113267,0.14740316261452568,,0.0,15.0
ecoli|ACKr_num1|g1|atp_c,5,BRENDA,0.42404281123624266,0.09499259496233492,0.12099299639427397,,1.0,20.0
ecoli|UDCPDPS|g1|frdp_c,4,BRENDA,0.30803489723263966,0.057319389984244046,0.0803497146976553,,0.0,0.0
ecoli|UDCPDPS|g1|ipdp_c,1,BRENDA,,,,,,
ecoli|NTPP2_num1|g1|h2o_c,5,SABIO-RK,0.9414682214028959,0.018389623994555446,0.372167410841801,,0.0,0.0
ecoli|NTPTP1|g1|dgtp_c,1,BRENDA,,,,,,
ecoli|IPMD_num1|g1|3c2hmp_c,1,SABIO-RK,,,,,,
ecoli|IPMD_num1|g1|nad_c,3,SABIO-RK,1.0669467896306133,0.006248949277001703,0.3556489298768711,,0.0,0.0
ecoli|AIRC3|g1|5aizc_c,1,BRENDA,,,,,,
ecoli|PUNP5_num1|g1|ins_c,4,BRENDA,3.1903316981702914,0.7093577484327979,0.8896426919427061,,0.40000000000000036,25.0
ecoli|PUNP5_num1|g1|pi_c,3,BRENDA,1.7175794307730692,0.36823906960053265,0.5725264769243564,,,13.0
ecoli|PUNP6_num1|g1|pi_c,3,BRENDA,1.7175794307730692,0.36823906960053265,0.5725264769243564,,,13.0
ecoli|PUNP7|g1|pi_c,3,BRENDA,1.7175794307730692,0.36823906960053265,0.5725264769243564,,,13.0
ecoli|PPCDC|g1|4ppcys_c,1,SABIO-RK,,,,,,
ecoli|DHQTi|g1|3dhq_c,1,BRENDA,,,,,,
ecoli|PUNP1|g1|adn_c,1,BRENDA,,,,,,
ecoli|PUNP1|g1|pi_c,3,BRENDA,1.7175794307730692,0.36823906960053265,0.5725264769243564,,,13.0
ecoli|PUNP2|g1|pi_c,3,BRENDA,1.7175794307730692,0.36823906960053265,0.5725264769243564,,,13.0
ecoli|PUNP3_num1|g1|pi_c,3,BRENDA,1.7175794307730692,0.36823906960053265,0.5725264769243564,,,13.0
ecoli|LYSAM|g1|lys__L_c,1,BRENDA,,,,,,
ecoli|FUM_num1|g1|fum_c,3,BRENDA,1.3472072972596694,0.00037781166532679933,0.44906909908655646,,0.0,
ecoli|PYDXNK|g1|pydxn_c,1,BRENDA,,,,,,
ecoli|PYAM5PO|g1|pyam5p_c,2,BRENDA,1.2116295844346703,0.6058147922173351,0.6058147922173351,,,
ecoli|OHPBAT|g1|glu__L_c,6,SABIO-RK,1.3399480616943509,0.47388019095570233,0.41599739767213967,,0.0,
ecoli|OHPBAT|g1|ohpb_c,2,SABIO-RK,0.2730012720637377,0.13650063603186885,0.13650063603186885,,0.0,
ecoli|GLUTRR|g1|nadph_c,1,BRENDA,,,,,,
ecoli|AGMT|g1|agm_c,2,BRENDA,1.7781512503836434,0.8890756251918217,0.8890756251918217,,2.0,15.0
ecoli|SPMS|g1|ametam_c,1,BRENDA,,,,,,
ecoli|MNNH|g1|mana_c,1,BRENDA,,,,,,
ecoli|GUI1|g1|glcur_c,1,BRENDA,,,,,,
ecoli|UAGDP|g1|acgam1p_c,16,SABIO-RK,3.5440680443502757,0.25925696993894376,1.0529121272242479,,0.7999999999999989,0.0
ecoli|UAGDP|g1|utp_c,25,SABIO-RK,3.765916793966632,0.8286038621526985,1.1316800770459858,,0.7999999999999989,0.0
ecoli|UAGCVT|g1|pep_c,3,BRENDA,0.09691001300805646,0.0,0.03230333766935215,,,
ecoli|UAGCVT|g1|uacgam_c,3,BRENDA,0.09691001300805646,0.0,0.03230333766935215,,,
ecoli|GLUR|g1|glu__D_c,1,BRENDA,,,,,,
ecoli|UAG2E|g1|uacgam_c,2,BRENDA,1.6751670896633941,0.8375835448316971,0.8375835448316971,,0.0,0.0
ecoli|ICHORS_copy1|g1|chor_c,1,BRENDA,,,,,,
ecoli|HACD5_num1|g1|h_c,4,SABIO-RK,0.019996628416253603,0.009998314208126802,0.009998314208126802,,0.0,0.0
ecoli|HACD5_num1|g1|nadh_c,4,SABIO-RK,0.019996628416253603,0.009998314208126802,0.009998314208126802,,0.0,0.0
ecoli|DXPRIi|g1|dxyl5p_c,3,BRENDA,0.11738559871785403,0.05611594197893144,0.03912853290595134,,0.0,0.0
ecoli|GHMT2r|g1|ser__L_c,12,BRENDA,0.8608923071974888,0.20199412243574144,0.19871072940270174,,2.5,10.0
ecoli|GHMT2r|g1|thf_c,10,BRENDA,0.8608923071974888,0.1440643415532753,0.17037780337867997,,2.5,0.0
ecoli|ABTA_num1|g1|4abut_c,22,BRENDA;SABIO-RK,5.314050505656492,1.3902210326663114,1.4383961577237152,1.3902210326663114,0.0,0.0
ecoli|ABTA_num1|g1|akg_c,25,SABIO-RK,5.314050505656492,1.193820026016113,1.4119792849357946,,0.0,0.0
ecoli|SSALx|g1|nad_c,1,BRENDA,,,,,,
ecoli|SSALx|g1|sucsal_c,1,BRENDA,,,,,,
ecoli|ASPT|g1|asp__L_c,1,BRENDA,,,,,,
ecoli|SERD_L_num1|g1|ser__L_c,2,BRENDA,0.09611241042959406,0.04805620521479703,0.04805620521479703,,0.0,
ecoli|THRD_num1|g1|thr__L_c,1,BRENDA,,,,,,
ecoli|KARA1|g1|23dhmb_c,18,SABIO-RK,4.033423538339763,0.171032742771504,0.5415770860516967,,1.0,15.0
ecoli|KARA1|g1|nadp_c,18,SABIO-RK,4.033423538339763,0.6957165713862759,0.8338975601551467,,1.0,15.0
ecoli|KARA2|g1|h_c,25,SABIO-RK,4.033423538339763,0.5149098156090622,0.7070463587714946,,1.0,15.0
ecoli|KARA2|g1|nadph_c,18,SABIO-RK,4.033423538339763,0.6957165713862759,0.8338975601551467,,1.0,15.0
ecoli|NADK|g1|atp_c,2,SABIO-RK,0.35654732351381235,0.17827366175690618,0.17827366175690618,,0.0,0.0
ecoli|NADK|g1|nad_c,2,SABIO-RK,0.35654732351381235,0.17827366175690618,0.17827366175690618,,0.0,0.0
ecoli|ICHORS_copy2|g1|chor_c,1,BRENDA,,,,,,
ecoli|ICHORT|g1|ichor_c,1,BRENDA,,,,,,
ecoli|RBK_L1|g1|atp_c,1,BRENDA,,,,,,
ecoli|RBK_L1|g1|rbl__L_c,1,BRENDA,,,,,,
ecoli|RBP4E_num1|g1|ru5p__L_c,9,BRENDA,1.8615891473114554,0.062446288403936734,0.42184238434626287,,0.09999999999999964,15.0
ecoli|NTD2_num1|g1|h2o_c,4,SABIO-RK,0.9212422493363996,0.10180616635347217,0.26842551489899064,,0.0,0.0
ecoli|NTD2_num1|g1|ump_c,1,SABIO-RK,,,,,,
ecoli|NTD4_num1|g1|h2o_c,4,SABIO-RK,0.4911643321031308,0.1755983025648556,0.17655607520576708,,0.0,0.0
ecoli|NTD5_num1|g1|dtmp_c,1,SABIO-RK,,,,,,
ecoli|NTD5_num1|g1|h2o_c,7,SABIO-RK,0.5440680443502757,0.0606978403536117,0.10552038701428142,,0.0,0.0
ecoli|NTD6_num1|g1|damp_c,1,SABIO-RK,,,,,,
ecoli|NTD6_num1|g1|h2o_c,7,SABIO-RK,0.5440680443502757,0.0606978403536117,0.10552038701428142,,0.0,0.0
ecoli|HACD6_num1|g1|h_c,4,SABIO-RK,0.019996628416253603,0.009998314208126802,0.009998314208126802,,0.0,0.0
ecoli|HACD6_num1|g1|nadh_c,4,SABIO-RK,0.019996628416253603,0.009998314208126802,0.009998314208126802,,0.0,0.0
ecoli|UGLT|g1|gal1p_c,1,BRENDA,,,,,,
ecoli|DXPS|g1|g3p_c,1,BRENDA,,,,,,
ecoli|DXPS|g1|pyr_c,1,BRENDA,,,,,,
ecoli|MECDPS|g1|2p4c2me_c,1,BRENDA,,,,,,
ecoli|HCYSMT|g1|hcys__L_c,1,BRENDA,,,,,,
ecoli|UDPG4E|g1|udpg_c,4,BRENDA,2.357067125469227,0.8127705435887427,0.8749336572594897,,0.7999999999999998,13.0
ecoli|PPC|g1|pep_c,1,BRENDA,,,,,,
ecoli|PYDXK_num1|g1|pydx_c,2,BRENDA,0.06069784035361164,0.03034892017680582,0.03034892017680582,,0.0,0.0
ecoli|GTPCII2|g1|gtp_c,2,BRENDA,0.36991128507179416,0.18495564253589708,0.18495564253589708,,,
ecoli|RMPA|g1|rml1p_c,1,BRENDA,,,,,,
ecoli|PFK_2|g1|atp_c,2,BRENDA,3.224189965431259,1.6120949827156295,1.6120949827156295,,0.0,
ecoli|PGLYCP|g1|2pglyc_c,2,BRENDA;SABIO-RK,0.0,0.0,0.0,0.0,,0.0
ecoli|PGLYCP|g1|h2o_c,1,SABIO-RK,,,,,,
ecoli|GLXCL|g1|glx_c,1,BRENDA,,,,,,
ecoli|GLCRAL|g1|5dh4dglc_c,1,SABIO-RK,,,,,,
ecoli|KAS14_num1|g1|malACP_c,2,BRENDA,0.42100531274073116,0.21050265637036558,0.21050265637036558,,0.0,0.0
ecoli|HACD4_num1|g1|h_c,4,SABIO-RK,0.019996628416253603,0.009998314208126802,0.009998314208126802,,0.0,0.0
ecoli|HACD4_num1|g1|nadh_c,4,SABIO-RK,0.019996628416253603,0.009998314208126802,0.009998314208126802,,0.0,0.0
ecoli|HACD7_num1|g1|h_c,4,SABIO-RK,0.019996628416253603,0.009998314208126802,0.009998314208126802,,0.0,0.0
ecoli|HACD7_num1|g1|nadh_c,4,SABIO-RK,0.019996628416253603,0.009998314208126802,0.009998314208126802,,0.0,0.0
ecoli|DKGLCNR2y|g1|h_c,1,SABIO-RK,,,,,,
ecoli|DKGLCNR2y|g1|nadph_c,1,SABIO-RK,,,,,,
ecoli|NTD9_num1|g1|gmp_c,2,BRENDA;SABIO-RK,0.0,0.0,0.0,0.0,,
ecoli|NTD9_num1|g1|h2o_c,19,SABIO-RK,3.670941280735775,1.08795517035513,0.9994551952118648,,1.0,12.0
ecoli|NTD10|g1|h2o_c,4,SABIO-RK,0.4911643321031308,0.1755983025648556,0.17655607520576708,,0.0,0.0
ecoli|ADPT|g1|ade_c,1,BRENDA,,,,,,
ecoli|OCTDPS|g1|frdp_c,2,BRENDA,1.5228787452803376,0.7614393726401687,0.7614393726401687,,0.0,
ecoli|AMANK|g1|acmana_c,8,SABIO-RK,0.663805587272768,0.24645776095144734,0.2777409046537468,,0.0,0.0
ecoli|AMANK|g1|atp_c,18,SABIO-RK,0.965237893740788,0.27203402217513784,0.30101732470336895,,0.0,0.0
ecoli|ACNML|g1|acnam_c,3,BRENDA,0.17069622716897503,0.057186952341456876,0.05689874238965834,,0.39999999999999947,5.0
ecoli|CAT_num1|g1|h2o2_c,29,BRENDA,3.3735806628125933,0.449771646944906,0.9654297933015562,,3.5,15.0
ecoli|AB6PGH_num1|g1|h2o_c,4,SABIO-RK,1.0,0.401852677428016,0.4305088271011781,,0.0,0.0
ecoli|TRE6PS|g1|g6p_c,2,BRENDA,0.3209248243809204,0.1604624121904602,0.1604624121904602,,,
ecoli|TRE6PS|g1|udpg_c,2,BRENDA,0.3070203593531686,0.1535101796765843,0.1535101796765843,,,
ecoli|TREH|g1|tre_c,1,BRENDA,,,,,,
ecoli|CYTK1|g1|atp_c,23,SABIO-RK,3.9194804031801134,1.0851716097368123,1.0208036468601924,,0.0,0.0
ecoli|CYTK1|g1|cmp_c,10,BRENDA;SABIO-RK,3.1739881339679163,1.031321287178223,1.1149430176702815,1.6333812785061852,0.0,0.0
ecoli|CYTK2|g1|atp_c,23,SABIO-RK,3.9194804031801134,1.0851716097368123,1.0208036468601924,,0.0,0.0
ecoli|CYTK2|g1|dcmp_c,10,BRENDA;SABIO-RK,3.4313637641589874,1.5210783243092345,1.3467326358769756,2.5137166958988812,0.0,0.0
ecoli|GK1|g1|gmp_c,1,BRENDA,,,,,,
ecoli|HACD1_num1|g1|aacoa_c,4,SABIO-RK,0.019996628416253603,0.009998314208126802,0.009998314208126802,,0.0,0.0
ecoli|HACD1_num1|g1|h_c,4,SABIO-RK,0.019996628416253603,0.009998314208126802,0.009998314208126802,,0.0,0.0
ecoli|HACD1_num1|g1|nadh_c,4,SABIO-RK,0.019996628416253603,0.009998314208126802,0.009998314208126802,,0.0,0.0
ecoli|HACD2_num1|g1|h_c,4,SABIO-RK,0.019996628416253603,0.009998314208126802,0.009998314208126802,,0.0,0.0
ecoli|HACD2_num1|g1|nadh_c,4,SABIO-RK,0.019996628416253603,0.009998314208126802,0.009998314208126802,,0.0,0.0
ecoli|TDPGDH_num1|g1|dtdpglu_c,3,BRENDA,0.4114424790756848,0.0,0.13714749302522827,,0.0,19.0
ecoli|ALLTN|g1|h2o_c,4,SABIO-RK,2.909919883842382,1.0746097734750395,1.0769650382728226,,0.0,0.0
ecoli|GLYAT|g1|gly_c,1,BRENDA,,,,,,
ecoli|ADNUC|g1|adn_c,1,BRENDA,,,,,,
ecoli|S7PI|g1|s7p_c,1,BRENDA,,,,,,
ecoli|FADRx|g1|fad_c,2,BRENDA,0.6483600109809315,0.3241800054904658,0.3241800054904658,,0.0,7.0
ecoli|FADRx|g1|nadh_c,2,BRENDA,0.6483600109809315,0.3241800054904658,0.3241800054904658,,0.0,7.0
ecoli|PNTK|g1|atp_c,2,BRENDA,1.2056465026173973,0.6028232513086986,0.6028232513086986,,2.0,
ecoli|PNTK|g1|pnto__R_c,1,BRENDA,,,,,,
ecoli|KDOPS|g1|ara5p_c,12,BRENDA;SABIO-RK,1.276206411938949,0.25328811702896903,0.36756623662859544,0.5065762340579381,1.0999999999999996,15.0
ecoli|KDOPS|g1|h2o_c,14,SABIO-RK,2.5583510634425566,0.5065762340579381,0.5671415915492979,,1.0999999999999996,15.0
ecoli|KDOPS|g1|pep_c,15,BRENDA;SABIO-RK,2.5583510634425566,0.5065762340579381,0.5631039010498738,0.5065762340579381,1.0999999999999996,15.0
ecoli|GSPMDA|g1|gtspmd_c,1,BRENDA,,,,,,
ecoli|GUAD|g1|gua_c,1,BRENDA,,,,,,
ecoli|RHCCE|g1|rhcys_c,1,BRENDA,,,,,,
ecoli|KG6PDC_num1|g1|3dhgulnp_c,23,SABIO-RK,2.4288165751451074,0.49291552190289434,0.5623155152926885,,0.0,0.0
ecoli|KG6PDC_num1|g1|h_c,23,SABIO-RK,2.4288165751451074,0.49291552190289434,0.5623155152926885,,0.0,0.0
ecoli|NADTRHD|g1|nadph_c,1,BRENDA,,,,,,
ecoli|FMNRx2_num1|g1|fmn_c,1,BRENDA,,,,,,
ecoli|FMNRx2_num1|g1|nadph_c,1,BRENDA,,,,,,
ecoli|ACPS1_num1|g1|coa_c,1,BRENDA,,,,,,
ecoli|GMPS2|g1|gln__L_c,1,BRENDA,,,,,,
ecoli|GMPS2|g1|xmp_c,2,BRENDA,0.23787619505050706,0.11893809752525353,0.11893809752525353,,0.0,0.0
ecoli|CTPS2|g1|atp_c,3,BRENDA,0.31063563643743863,0.07378621416091868,0.10354521214581287,,,
ecoli|CTPS2|g1|gln__L_c,3,BRENDA,0.6361107223553871,0.007178584627123397,0.2120369074517957,,0.0,0.0
ecoli|CTPS2|g1|utp_c,1,BRENDA,,,,,,
ecoli|NTD1_num1|g1|dump_c,1,SABIO-RK,,,,,,
ecoli|NTD1_num1|g1|h2o_c,7,SABIO-RK,0.5440680443502757,0.0606978403536117,0.10552038701428142,,0.0,0.0
ecoli|NTD7_num1|g1|amp_c,6,BRENDA;SABIO-RK,2.1848651833631862,0.29633544823546565,0.7560155536576575,0.16636295521957267,0.5,15.0
ecoli|NTD7_num1|g1|h2o_c,19,SABIO-RK,3.670941280735775,1.08795517035513,0.9994551952118648,,1.0,12.0
ecoli|UAGPT3|g1|uacgam_c,1,BRENDA,,,,,,
ecoli|ACODA|g1|acorn_c,11,SABIO-RK,1.6159957692712548,0.5383909114585852,0.4804697351708738,,0.5,0.0
ecoli|ACODA|g1|h2o_c,21,SABIO-RK,1.6766936096248666,0.49861017055340073,0.475769259534309,,0.5,0.0
ecoli|ADD|g1|ade_c,5,BRENDA,2.0,0.03385826726096752,0.4404701919834156,,0.0,0.0
ecoli|ADSS|g1|asp__L_c,2,BRENDA,0.017728766960431602,0.008864383480215801,0.008864383480215801,,,0.0
ecoli|ADSS|g1|gtp_c,3,BRENDA,0.017728766960431602,0.0,0.005909588986810534,,,3.0
ecoli|ADSS|g1|imp_c,1,BRENDA,,,,,,
ecoli|AGDC|g1|acgam6p_c,7,BRENDA,0.7039052220115307,0.24839977705840233,0.21745031559605485,,,
ecoli|ASNN_num1|g1|asn__L_c,11,BRENDA;SABIO-RK,5.15836249209525,0.3979400086720377,1.0319790007574243,0.5685865965126558,1.0,12.0
ecoli|ASNN_num1|g1|h2o_c,19,SABIO-RK,3.8603380065709936,0.4282016137045732,0.982282473518672,,0.0,0.0
ecoli|ASNS2_num1|g1|asp__L_c,9,BRENDA,0.7124724747396659,0.11918640771920871,0.15786275582673895,,0.0,0.0
ecoli|ASNS2_num1|g1|atp_c,9,BRENDA,0.5652573434202136,0.05912145211865667,0.12174921726922783,,0.0,0.0
ecoli|ASNS2_num1|g1|nh4_c,1,BRENDA,,,,,,
ecoli|HSK|g1|hom__L_c,1,BRENDA,,,,,,
ecoli|THRS|g1|phom_c,2,BRENDA,0.2630439833131656,0.1315219916565828,0.1315219916565828,,,
ecoli|HSST|g1|hom__L_c,2,BRENDA,0.5705855198595681,0.28529275992978403,0.28529275992978403,,,
ecoli|HSST|g1|succoa_c,2,BRENDA,2.248932327072287,1.1244661635361435,1.1244661635361435,,,
ecoli|PPNDH|g1|pphn_c,2,BRENDA,0.0,0.0,0.0,,,0.0
ecoli|DDPA_num1|g1|e4p_c,1,BRENDA,,,,,,
ecoli|DDPA_num1|g1|pep_c,1,BRENDA,,,,,,
ecoli|NMNDA|g1|nmn_c,1,BRENDA,,,,,,
ecoli|P5CD|g1|1pyr5c_c,1,BRENDA,,,,,,
ecoli|MALS_num1|g1|glx_c,1,BRENDA,,,,,,
ecoli|ADPRDP_num1|g1|adprib_c,1,BRENDA,,,,,,
ecoli|FCLPA_num1|g1|fc1p_c,1,BRENDA,,,,,,
ecoli|U23GAAT|g1|u3hga_c,2,BRENDA,0.8846065812979305,0.44230329064896523,0.44230329064896523,,0.5,5.0
ecoli|UAMAS|g1|ala__L_c,2,BRENDA,0.37649703291153236,0.18824851645576618,0.18824851645576618,,,
ecoli|3HPPPNH|g1|nadh_c,1,BRENDA,,,,,,
ecoli|ASP1DC|g1|asp__L_c,1,SABIO-RK,,,,,,
ecoli|SERAT|g1|accoa_c,1,BRENDA,,,,,,
ecoli|CYSS_num1|g1|acser_c,4,SABIO-RK,0.6032920332376537,0.30164601661882684,0.30164601661882684,,0.0,0.0
ecoli|CYSS_num1|g1|h2s_c,4,SABIO-RK,0.6032920332376537,0.30164601661882684,0.30164601661882684,,0.0,0.0
ecoli|BPNT|g1|pap_c,1,BRENDA,,,,,,
ecoli|ASPK_num1|g1|asp__L_c,14,BRENDA;SABIO-RK,2.991226075692495,0.8894993272598145,0.8465689342345577,1.095383493046584,0.0,0.0
ecoli|ASPK_num1|g1|atp_c,22,SABIO-RK,3.5141048209728325,0.5416686029093912,0.6103466353904712,,0.0,7.0
ecoli|ASAD|g1|aspsa_c,18,SABIO-RK,3.7732987475892314,0.7406506073139911,0.9073336310122584,,1.5999999999999996,12.0
ecoli|ASAD|g1|nadp_c,18,BRENDA;SABIO-RK,4.949390006644913,0.8719685749262711,1.3065902354424728,0.6712570164689862,2.0,12.0
ecoli|ASAD|g1|pi_c,22,SABIO-RK,4.949390006644913,1.0281497952859744,1.2573927965251275,,1.5999999999999996,12.0
ecoli|DAPDC|g1|26dap__M_c,1,BRENDA,,,,,,
ecoli|METAT|g1|atp_c,1,BRENDA,,,,,,
ecoli|METAT|g1|met__L_c,2,BRENDA,0.08973142838093302,0.04486571419046651,0.04486571419046651,,0.0,
ecoli|HPPPNDO|g1|dhpppn_c,1,BRENDA,,,,,,
ecoli|GLYCK2|g1|atp_c,1,BRENDA,,,,,,
ecoli|GLYCK2|g1|glyc__R_c,2,BRENDA,2.146128035678238,1.073064017839119,1.073064017839119,,,
ecoli|URDGLYCD|g1|nad_c,1,BRENDA,,,,,,
ecoli|URDGLYCD|g1|urdglyc_c,1,BRENDA,,,,,,
ecoli|ACM6PH|g1|acmum6p_c,1,BRENDA,,,,,,
ecoli|NNATr|g1|nicrnt_c,1,BRENDA,,,,,,
ecoli|CYTDH_num1|g1|cytd_c,3,BRENDA,1.0152399665567369,0.0,0.33841332218557896,,0.2999999999999998,5.0
ecoli|PSERT|g1|3php_c,4,SABIO-RK,0.6519734416597952,0.22184874961635634,0.24412113329332485,,0.0,
ecoli|PSERT|g1|glu__L_c,6,SABIO-RK,1.3399480616943509,0.47388019095570233,0.41599739767213967,,0.0,
ecoli|AIRC2|g1|atp_c,1,BRENDA,,,,,,
ecoli|HEX1|g1|glc__D_c,4,BRENDA,1.653742464398642,0.06006992686326573,0.4422839707751779,,0.0,0.0
ecoli|TAUDO|g1|akg_c,2,BRENDA,1.6989700043360187,0.8494850021680094,0.8494850021680094,,,
ecoli|TAUDO|g1|taur_c,2,BRENDA,0.04139268515822497,0.020696342579112487,0.020696342579112487,,,
ecoli|ME2|g1|nadp_c,1,BRENDA,,,,,,
ecoli|AHCYSNS|g1|ahcys_c,13,BRENDA;SABIO-RK,1.8129133566428555,0.33579210192319314,0.46130457135523795,0.391141250670038,0.0,1.0
ecoli|AHCYSNS|g1|h2o_c,24,SABIO-RK,1.8946568194550806,0.38055895554243163,0.47756984784671214,,0.0,0.0
ecoli|NTPP4_num1|g1|ctp_c,3,BRENDA;SABIO-RK,0.44407172974436804,0.0,0.14802390991478934,0.22203586487218407,0.5,7.0
ecoli|NTPP4_num1|g1|h2o_c,3,SABIO-RK,0.5581545056288806,0.2562836684981682,0.18605150187629352,,0.0,0.0
ecoli|NTPP3_num1|g1|dctp_c,4,BRENDA;SABIO-RK,0.44120869882901803,0.04260660540876893,0.11030217470725451,0.0,0.5,7.0
ecoli|NTPP3_num1|g1|h2o_c,3,SABIO-RK,0.5581545056288806,0.2562836684981682,0.18605150187629352,,0.0,0.0
ecoli|NTPP6_num1|g1|h2o_c,5,SABIO-RK,0.9414682214028959,0.018389623994555446,0.372167410841801,,0.0,0.0
ecoli|NTPP7_num1|g1|dttp_c,1,BRENDA,,,,,,
ecoli|NTPP8_num1|g1|h2o_c,5,SABIO-RK,0.9414682214028959,0.018389623994555446,0.372167410841801,,0.0,0.0
ecoli|NTPP8_num1|g1|utp_c,1,BRENDA,,,,,,
ecoli|CYANST_num1|g1|cyan_c,1,SABIO-RK,,,,,,
ecoli|CYANST_num1|g1|tsul_c,3,BRENDA;SABIO-RK,0.6087933739869307,0.05324551195322469,0.20293112466231022,0.5821706180103186,0.0,23.0
ecoli|DHPPDA2|g1|25drapp_c,1,SABIO-RK,,,,,,
ecoli|DHPPDA2|g1|h2o_c,1,SABIO-RK,,,,,,
ecoli|GMAND|g1|gdpmann_c,1,BRENDA,,,,,,
ecoli|DBTS|g1|atp_c,1,BRENDA,,,,,,
ecoli|DCTPD|g1|dctp_c,1,BRENDA,,,,,,
ecoli|CSND|g1|csn_c,7,BRENDA,0.8455678015331827,0.049687784189107465,0.21620970796796127,,1.0,12.0
ecoli|GF6PTA|g1|f6p_c,3,BRENDA,0.06952421251842367,0.013042856565975702,0.023174737506141223,,0.0,0.0
ecoli|GF6PTA|g1|gln__L_c,3,BRENDA,0.010219165181686085,0.003860420813238008,0.003406388393895362,,0.0,0.0
ecoli|GLUCYS|g1|atp_c,2,BRENDA,0.21329094598109077,0.10664547299054539,0.10664547299054539,,0.0,0.0
ecoli|GLUCYS|g1|cys__L_c,2,BRENDA,0.2845705507095688,0.1422852753547844,0.1422852753547844,,0.0,0.0
ecoli|GLUCYS|g1|glu__L_c,2,BRENDA,0.152537374388104,0.076268687194052,0.076268687194052,,0.0,0.0
ecoli|GLUN_num1|g1|gln__L_c,1,BRENDA,,,,,,
ecoli|GMPR|g1|gmp_c,1,BRENDA,,,,,,
ecoli|OCBT_num1|g1|cbp_c,14,BRENDA;SABIO-RK,4.022958197724664,0.8181067968621472,0.9519805230976129,2.3495432115722026,1.7000000000000002,17.0
ecoli|OCBT_num1|g1|orn_c,14,BRENDA;SABIO-RK,4.053627017491117,0.8181067968621472,0.9541711530809309,2.3802120313386546,1.7000000000000002,17.0
ecoli|GPDDA1|g1|g3pc_c,1,BRENDA,,,,,,
ecoli|GPDDA2|g1|g3pe_c,1,BRENDA,,,,,,
ecoli|PHETA1_num1|g1|akg_c,8,SABIO-RK,1.3416478465722452,0.18287766265031813,0.3116011850039447,,0.0,0.0
ecoli|PHETA1_num1|g1|phe__L_c,5,BRENDA;SABIO-RK,2.6167832481486686,0.14266750356873148,0.5665759337751867,0.034619293205099044,0.9500000000000002,12.0
ecoli|PPND|g1|nad_c,1,BRENDA,,,,,,
ecoli|PPND|g1|pphn_c,2,BRENDA,2.4771212547196626,1.2385606273598313,1.2385606273598313,,,
ecoli|MCITL2|g1|micit_c,1,BRENDA,,,,,,
ecoli|SOTA|g1|sucorn_c,1,BRENDA,,,,,,
ecoli|PTA2|g1|pi_c,16,SABIO-RK,3.8947742598240773,0.6443869794303869,0.9652945962169435,,,0.0
ecoli|PPNCL2|g1|4ppan_c,1,BRENDA,,,,,,
ecoli|AP4AH|g1|ap4a_c,1,BRENDA,,,,,,
ecoli|AP5AH|g1|ap5a_c,1,BRENDA,,,,,,
ecoli|ADNCYC|g1|atp_c,1,BRENDA,,,,,,
ecoli|MI1PP|g1|mi1p__D_c,1,BRENDA,,,,,,
ecoli|NTP3_num1|g1|gtp_c,10,BRENDA,4.828230114726962,1.3764045087763217,1.4478955393907869,,0.0,0.0
ecoli|G6PDH2r|g1|nadp_c,2,BRENDA,0.0,0.0,0.0,,0.1999999999999993,0.0
ecoli|GMPS|g1|xmp_c,2,BRENDA,0.23787619505050706,0.11893809752525353,0.11893809752525353,,0.0,0.0
ecoli|UDPGD|g1|nad_c,2,BRENDA,1.1264870251711607,0.5632435125855804,0.5632435125855804,,0.0,0.0
ecoli|GLCRD_num1|g1|glcr_c,2,BRENDA,0.24303804868629442,0.12151902434314721,0.12151902434314721,,,
ecoli|CHRPL_num1|g1|chor_c,1,BRENDA,,,,,,
ecoli|TDPAGTA|g1|dtdp4d6dg_c,1,BRENDA,,,,,,
ecoli|PMPK|g1|4ampm_c,1,BRENDA,,,,,,
ecoli|PMPK|g1|atp_c,1,BRENDA,,,,,,
ecoli|LCADi|g1|lald__L_c,1,BRENDA,,,,,,
ecoli|GLUDC_num1|g1|glu__L_c,2,BRENDA,0.37743525407468126,0.18871762703734063,0.18871762703734063,,0.0,0.0
ecoli|ADSK|g1|aps_c,1,BRENDA,,,,,,
ecoli|HSDy_num1|g1|hom__L_c,4,BRENDA,2.0,0.5691513490831407,0.7027359409449878,,,
ecoli|SHSL1|g1|cys__L_c,3,SABIO-RK,0.1519222262938933,0.014599508570288133,0.05064074209796443,,1.2000000000000002,0.0
ecoli|SHSL1|g1|suchms_c,6,SABIO-RK,1.964835582936749,0.7475676260801256,0.8252254723197003,,1.7000000000000002,0.0
ecoli|SSALy_num1|g1|sucsal_c,1,BRENDA,,,,,,
ecoli|3HCINNMH|g1|nadh_c,1,BRENDA,,,,,,
ecoli|NTP3pp|g1|gtp_p,10,BRENDA,4.828230114726962,1.3764045087763217,1.4478955393907869,,0.0,0.0
ecoli|ACACT7r_num1|g1|accoa_c,3,BRENDA;SABIO-RK,1.2284793285153692,0.02435934585944466,0.4094931095051231,1.216299655585647,0.2999999999999998,5.0
ecoli|ACACT2r_num1|g1|accoa_c,3,BRENDA;SABIO-RK,1.2284793285153692,0.02435934585944466,0.4094931095051231,1.216299655585647,0.2999999999999998,5.0
ecoli|ACACT3r_num1|g1|accoa_c,1,BRENDA,,,,,,
ecoli|ACACT4r_num1|g1|accoa_c,3,BRENDA;SABIO-RK,1.2284793285153692,0.02435934585944466,0.4094931095051231,1.216299655585647,0.2999999999999998,5.0
ecoli|AHGDx|g1|S2hglut_c,1,SABIO-RK,,,,,,
ecoli|AHGDx|g1|nad_c,3,SABIO-RK,2.1245042248342823,0.45331834004703764,0.7081680749447608,,1.3000000000000007,0.0
ecoli|DRPA|g1|2dr5p_c,1,BRENDA,,,,,,
ecoli|NTD8pp_num1|g1|dgmp_p,2,SABIO-RK,1.6042260530844699,0.8021130265422349,0.8021130265422349,,1.0,0.0
ecoli|NTD8pp_num1|g1|h2o_p,19,SABIO-RK,3.670941280735775,1.08795517035513,0.9994551952118648,,1.0,12.0
ecoli|TREHpp|g1|tre_p,1,BRENDA,,,,,,
ecoli|ACGAMK|g1|atp_c,2,SABIO-RK,0.0,0.0,0.0,,0.0,0.0
ecoli|TRSARr_num1|g1|2h3oppan_c,1,SABIO-RK,,,,,,
ecoli|TRSARr_num1|g1|h_c,1,SABIO-RK,,,,,,
ecoli|TRSARr_num1|g1|nadh_c,1,SABIO-RK,,,,,,
ecoli|URIH_num1|g1|uri_c,1,BRENDA,,,,,,
ecoli|INSH|g1|ins_c,2,BRENDA,0.30102999566398125,0.15051499783199063,0.15051499783199063,,0.2999999999999998,2.0
ecoli|MTHFR2|g1|nadh_c,3,BRENDA,0.7233293501954636,0.354034522972956,0.24110978339848788,,0.0,0.0
ecoli|ASPO6|g1|asp__L_c,4,BRENDA,2.221848749616356,0.6588908608790505,0.8025777090556496,,,
ecoli|ACACT5r_num1|g1|accoa_c,1,BRENDA,,,,,,
ecoli|MTHFC|g1|methf_c,1,BRENDA,,,,,,
ecoli|MTHFD|g1|nadp_c,1,BRENDA,,,,,,
ecoli|ACACT6r_num1|g1|accoa_c,3,BRENDA;SABIO-RK,1.2284793285153692,0.02435934585944466,0.4094931095051231,1.216299655585647,0.2999999999999998,5.0
ecoli|GLYOX3|g1|mthgxl_c,1,BRENDA,,,,,,
ecoli|ALAGLUE|g1|LalaDglu_c,1,BRENDA,,,,,,
ecoli|CYANSTpp|g1|cyan_p,1,SABIO-RK,,,,,,
ecoli|CYANSTpp|g1|tsul_p,1,SABIO-RK,,,,,,
ecoli|MCPST|g1|mercppyr_c,2,BRENDA,0.952308009662125,0.4761540048310625,0.4761540048310625,,1.5500000000000007,7.0
ecoli|NODOy|g1|no_c,2,BRENDA,0.8529469491011279,0.42647347455056395,0.42647347455056395,,,17.0
ecoli|NODOx|g1|nadh_c,2,BRENDA,0.22010808804005522,0.11005404402002761,0.11005404402002761,,,17.0
ecoli|NODOx|g1|no_c,2,BRENDA,0.8529469491011279,0.42647347455056395,0.42647347455056395,,,17.0
ecoli|DAPAL|g1|23dappa_c,2,BRENDA,0.11218150615055023,0.05609075307527511,0.05609075307527511,,,
ecoli|AMPTASECG_num1|g1|cgly_c,1,SABIO-RK,,,,,,
ecoli|AMPTASECG_num1|g1|h2o_c,3,SABIO-RK,1.5422443075139685,0.2078694375142911,0.5140814358379895,,0.0,0.0
ecoli|GPDDA1pp|g1|g3pc_p,2,BRENDA,0.0,0.0,0.0,,,
ecoli|FEROpp_num1|g1|fe2_p,1,BRENDA,,,,,,
ecoli|FACOAE160|g1|h2o_c,16,SABIO-RK,3.9808582582165624,0.5637513170379238,0.8911041767793371,,0.5,0.0
ecoli|FACOAE140|g1|h2o_c,16,SABIO-RK,3.9808582582165624,0.5637513170379238,0.8911041767793371,,0.5,0.0
ecoli|GGPTRCS|g1|ptrc_c,1,BRENDA,,,,,,
ecoli|ASNNpp|g1|asn__L_p,8,BRENDA;SABIO-RK,1.0122344564170116,0.11273243888404849,0.25383490234233974,0.6647715763230957,1.0,12.0
ecoli|ASNNpp|g1|h2o_p,19,SABIO-RK,3.8603380065709936,0.4282016137045732,0.982282473518672,,0.0,0.0
ecoli|GLUNpp|g1|gln__L_p,29,BRENDA,3.736447799929938,0.35856931677276305,0.5017245530173333,,0.9000000000000004,12.0
ecoli|DNTPPA_num1|g1|ahdt_c,1,BRENDA,,,,,,
ecoli|NTPP9|g1|h2o_c,5,SABIO-RK,0.9414682214028959,0.018389623994555446,0.372167410841801,,0.0,0.0
ecoli|NTD10pp_num1|g1|h2o_p,19,SABIO-RK,3.670941280735775,1.08795517035513,0.9994551952118648,,1.0,12.0
ecoli|NTD1pp_num1|g1|dump_p,2,SABIO-RK,1.968685937331598,0.984342968665799,0.984342968665799,,0.5,0.0
ecoli|NTD1pp_num1|g1|h2o_p,4,SABIO-RK,1.0969100130080565,0.18975846292262588,0.28635842995297095,,0.0,0.0
ecoli|NTD2pp_num1|g1|h2o_p,4,SABIO-RK,1.0969100130080565,0.18975846292262588,0.28635842995297095,,0.0,0.0
ecoli|NTD2pp_num1|g1|ump_p,1,SABIO-RK,,,,,,
ecoli|NTD3pp_num1|g1|dcmp_p,1,SABIO-RK,,,,,,
ecoli|NTD3pp_num1|g1|h2o_p,4,SABIO-RK,1.0969100130080565,0.18975846292262588,0.28635842995297095,,0.0,0.0
ecoli|NTD4pp_num1|g1|h2o_p,19,SABIO-RK,3.670941280735775,1.08795517035513,0.9994551952118648,,1.0,12.0
ecoli|NTD5pp_num1|g1|dtmp_p,2,SABIO-RK,2.278753600952829,1.1393768004764144,1.1393768004764144,,0.5,0.0
ecoli|NTD5pp_num1|g1|h2o_p,19,SABIO-RK,3.670941280735775,1.08795517035513,0.9994551952118648,,1.0,12.0
ecoli|NTD6pp_num1|g1|damp_p,1,SABIO-RK,,,,,,
ecoli|NTD6pp_num1|g1|h2o_p,4,SABIO-RK,1.0969100130080565,0.18975846292262588,0.28635842995297095,,0.0,0.0
ecoli|NTD7pp_num1|g1|amp_p,6,BRENDA;SABIO-RK,2.1848651833631862,0.29633544823546565,0.7560155536576575,0.16636295521957267,0.5,15.0
ecoli|NTD7pp_num1|g1|h2o_p,19,SABIO-RK,3.670941280735775,1.08795517035513,0.9994551952118648,,1.0,12.0
ecoli|NTD9pp_num1|g1|gmp_p,2,BRENDA;SABIO-RK,0.0,0.0,0.0,0.0,,
ecoli|NTD9pp_num1|g1|h2o_p,19,SABIO-RK,3.670941280735775,1.08795517035513,0.9994551952118648,,1.0,12.0
ecoli|PEAMNOpp|g1|peamn_p,1,BRENDA,,,,,,
ecoli|ALLK|g1|all__D_c,6,SABIO-RK,0.08813608870055112,0.0180982220927961,0.02937869623351704,,0.0,0.0
ecoli|ALLK|g1|atp_c,18,SABIO-RK,2.2741578492636796,0.24303804868629442,0.3929938586099606,,0.0,0.0
ecoli|GPDDA3pp|g1|g3ps_p,2,BRENDA,0.0,0.0,0.0,,,
ecoli|GPDDA4pp|g1|g3pg_p,2,BRENDA,0.0,0.0,0.0,,,
ecoli|GPDDA2pp|g1|g3pe_p,2,BRENDA,0.0,0.0,0.0,,,
ecoli|HCYSMT2|g1|hcys__L_c,1,BRENDA,,,,,,
ecoli|3NTD7pp_num1|g1|3amp_p,3,BRENDA,4.643452676486188,0.0,1.5478175588287293,,0.0,0.0
ecoli|3NTD7pp_num1|g1|h2o_p,2,SABIO-RK,0.2199404050670789,0.10997020253353945,0.10997020253353945,,0.0,0.0
ecoli|3NTD4pp_num1|g1|3cmp_p,2,BRENDA;SABIO-RK,0.0,0.0,0.0,0.0,,
ecoli|3NTD4pp_num1|g1|h2o_p,2,SABIO-RK,0.2199404050670789,0.10997020253353945,0.10997020253353945,,0.0,0.0
ecoli|3NTD2pp_num1|g1|h2o_p,2,SABIO-RK,0.2199404050670789,0.10997020253353945,0.10997020253353945,,0.0,0.0
ecoli|3NTD9pp_num1|g1|h2o_p,2,SABIO-RK,0.2199404050670789,0.10997020253353945,0.10997020253353945,,0.0,0.0
ecoli|23PDE7pp|g1|23camp_p,1,BRENDA,,,,,,
ecoli|MEPCT|g1|2me4p_c,20,BRENDA;SABIO-RK,2.3182239171357515,0.22289744620076823,0.6947820351517451,0.24999761930120434,1.5,7.0
ecoli|MEPCT|g1|ctp_c,21,BRENDA;SABIO-RK,2.4853937806856523,0.29386457127630683,0.7021215988289056,0.34832403151684277,1.5,7.0
ecoli|GLUDy|g1|glu__L_c,1,BRENDA,,,,,,
ecoli|GLUDy|g1|nadp_c,2,BRENDA,0.3489923606611043,0.17449618033055214,0.17449618033055214,,0.0,
ecoli|LYSDC_num1|g1|lys__L_c,2,BRENDA,0.6884198220027107,0.34420991100135534,0.34420991100135534,,0.9000000000000004,41.0
ecoli|NTD3_num1|g1|dcmp_c,1,SABIO-RK,,,,,,
ecoli|NTD3_num1|g1|h2o_c,7,SABIO-RK,0.5440680443502757,0.0606978403536117,0.10552038701428142,,0.0,0.0
ecoli|GTPDPDP|g1|gdptp_c,1,BRENDA,,,,,,
ecoli|HACD3_num1|g1|h_c,4,SABIO-RK,0.019996628416253603,0.009998314208126802,0.009998314208126802,,0.0,0.0
ecoli|HACD3_num1|g1|nadh_c,4,SABIO-RK,0.019996628416253603,0.009998314208126802,0.009998314208126802,,0.0,0.0
ecoli|ABUTD|g1|4abutn_c,4,BRENDA;SABIO-RK,0.5608375706723892,0.06722113867652163,0.17358465236120557,0.13444227735304326,0.0,0.0
ecoli|ABUTD|g1|h2o_c,4,SABIO-RK,1.4084282318722092,0.2799481660458895,0.4587058812978888,,0.0,0.0
ecoli|ABUTD|g1|nad_c,3,SABIO-RK,1.4084282318722092,0.13350103877243313,0.4694760772907364,,0.0,0.0
ecoli|E4PD_num1|g1|e4p_c,2,BRENDA,1.0,0.5,0.5,,,
ecoli|E4PD_num1|g1|nad_c,2,BRENDA,0.9268567089496922,0.4634283544748461,0.4634283544748461,,,
ecoli|DUTPDP_num1|g1|dutp_c,1,BRENDA,,,,,,
ecoli|MTAN|g1|5mta_c,16,BRENDA;SABIO-RK,2.481552869518737,0.39908590706183,0.5140639619484103,0.23292012215498667,0.7000000000000002,4.0
ecoli|MTAN|g1|h2o_c,24,SABIO-RK,1.8946568194550806,0.38055895554243163,0.47756984784671214,,0.0,0.0
ecoli|DPR_num1|g1|2dhp_c,17,BRENDA;SABIO-RK,3.455352509957491,0.42596873227228116,0.7477134520332784,0.22184874961635637,0.09999999999999964,2.0
ecoli|DPR_num1|g1|h_c,14,SABIO-RK,3.455352509957491,0.45535250995749066,0.8421649950438113,,0.0,0.0
ecoli|DPR_num1|g1|nadph_c,15,BRENDA;SABIO-RK,3.455352509957491,0.45535250995749066,0.8008105786819809,0.22184874961635637,0.09999999999999964,2.0
ecoli|THRD_L_num1|g1|thr__L_c,1,BRENDA,,,,,,
ecoli|DHFR_num1|g1|dhf_c,18,BRENDA,1.2671717284030137,0.19546755355168954,0.23449471857302934,,0.5,10.0
ecoli|DHFR_num1|g1|nadph_c,6,BRENDA,0.8412512966904113,0.14165061435177484,0.19725506422554984,,0.5,5.0
ecoli|PRAIi|g1|pran_c,7,BRENDA,0.1938200260161127,0.010995384301463407,0.043103631903661795,,0.0,5.0
ecoli|TYRTA_num1|g1|akg_c,8,SABIO-RK,1.3416478465722452,0.18287766265031813,0.3116011850039447,,0.0,0.0
ecoli|TYRTA_num1|g1|tyr__L_c,4,SABIO-RK,0.21085336531489318,0.08622848720029364,0.0888204040288092,,0.0,0.0
ecoli|SHKK_num1|g1|atp_c,1,BRENDA,,,,,,
ecoli|SHKK_num1|g1|skm_c,1,BRENDA,,,,,,
ecoli|GUAPRT_num1|g1|gua_c,1,BRENDA,,,,,,
ecoli|GUAPRT_num1|g1|prpp_c,1,BRENDA,,,,,,
ecoli|NTD8_num1|g1|dgmp_c,2,SABIO-RK,1.6042260530844699,0.8021130265422349,0.8021130265422349,,1.0,0.0
ecoli|NTD8_num1|g1|h2o_c,19,SABIO-RK,3.670941280735775,1.08795517035513,0.9994551952118648,,1.0,12.0
ecoli|GALCTD|g1|galct__D_c,1,BRENDA,,,,,,
ecoli|PUNP4_num1|g1|pi_c,3,BRENDA,1.7175794307730692,0.36823906960053265,0.5725264769243564,,,13.0
ecoli|AMAOTr|g1|8aonn_c,6,BRENDA;SABIO-RK,2.5754077965565223,1.065038932662863,0.9157720494278925,1.7836837389836047,0.5,12.0
ecoli|AMAOTr|g1|amet_c,6,BRENDA;SABIO-RK,2.130077865325726,0.7904353461290122,0.633520864655473,0.09017663034908807,0.5,12.0
ecoli|NTD11pp_num1|g1|h2o_p,4,SABIO-RK,1.0969100130080565,0.18975846292262588,0.28635842995297095,,0.0,0.0
ecoli|MCITD|g1|2mcit_c,1,BRENDA,,,,,,
ecoli|ALAALAr_num1|g1|ala__D_c,7,BRENDA,0.8021894912510825,0.2591939266163992,0.216704744233575,,3.1999999999999993,0.0
ecoli|ACACT1r_num1|g1|accoa_c,1,BRENDA,,,,,,
ecoli|NTP1_num1|g1|h2o_c,5,SABIO-RK,0.9414682214028959,0.018389623994555446,0.372167410841801,,0.0,0.0
ecoli|PANTS|g1|ala_B_c,1,BRENDA,,,,,,
ecoli|PANTS|g1|atp_c,1,BRENDA,,,,,,
ecoli|PANTS|g1|pant__R_c,1,BRENDA,,,,,,
ecoli|DHQS|g1|2dda7p_c,2,BRENDA,3.1938200260161125,1.5969100130080562,1.5969100130080562,,1.0,5.0
ecoli|PGCD|g1|3pg_c,12,BRENDA;SABIO-RK,2.4541516523882234,0.37692435794478124,0.6649410257892966,0.5657814300222987,1.3000000000000007,0.0
ecoli|PGCD|g1|nad_c,20,SABIO-RK,2.842331823771105,1.0,0.9592688748312816,,1.3000000000000007,0.0
ecoli|SERD_D|g1|ser__D_c,1,BRENDA,,,,,,
ecoli|AICART|g1|10fthf_c,1,BRENDA,,,,,,
ecoli|AICART|g1|aicar_c,1,BRENDA,,,,,,
ecoli|PFK_num1|g1|atp_c,2,BRENDA,3.224189965431259,1.6120949827156295,1.6120949827156295,,0.0,
ecoli|PFK_num1|g1|f6p_c,4,BRENDA,3.740362689494244,0.932650713051272,1.3378443808687832,,0.20000000000000018,25.0
ecoli|PERD|g1|4per_c,2,BRENDA,0.0,0.0,0.0,,0.0,0.0
ecoli|PYDAMK|g1|pydam_c,2,BRENDA,0.24303804868629442,0.12151902434314721,0.12151902434314721,,0.0,0.0
ecoli|ATHRDHr|g1|athr__L_c,1,BRENDA,,,,,,
ecoli|LSERDHr|g1|ser__L_c,1,BRENDA,,,,,,
ecoli|GLNS|g1|atp_c,1,BRENDA,,,,,,
ecoli|GLNS|g1|glu__L_c,1,BRENDA,,,,,,
ecoli|UDPGPpp|g1|h2o_p,5,SABIO-RK,0.9414682214028959,0.018389623994555446,0.372167410841801,,0.0,0.0
ecoli|UDPGPpp|g1|udpg_p,2,BRENDA,0.30102999566398125,0.15051499783199063,0.15051499783199063,,,
ecoli|CYSDDS|g1|cys__D_c,1,BRENDA,,,,,,
ecoli|GPDDA4|g1|g3pg_c,1,BRENDA,,,,,,
ecoli|G1PPpp_num1|g1|g1p_p,1,BRENDA,,,,,,
ecoli|HISTP|g1|hisp_c,3,BRENDA,0.34814254030962255,0.16694787961581126,0.11604751343654085,,0.0,0.0
ecoli|NTD11_num1|g1|h2o_c,4,SABIO-RK,0.4911643321031308,0.1755983025648556,0.17655607520576708,,0.0,0.0
ecoli|ORNDC_num1|g1|orn_c,1,BRENDA,,,,,,
ecoli|3OAS161|g1|malACP_c,1,BRENDA,,,,,,
ecoli|FACOAE180|g1|h2o_c,16,SABIO-RK,3.9808582582165624,0.5637513170379238,0.8911041767793371,,0.5,0.0
ecoli|FACOAE100|g1|h2o_c,16,SABIO-RK,3.9808582582165624,0.5637513170379238,0.8911041767793371,,0.5,0.0
ecoli|3OAS141|g1|malACP_c,1,BRENDA,,,,,,
ecoli|3OAR121|g1|nadph_c,1,BRENDA,,,,,,
ecoli|CFAS160G|g1|amet_c,4,BRENDA,1.7191733904243058,0.2279659778248621,0.49306995844277596,,0.5999999999999996,0.0
ecoli|FLVRx|g1|nadh_c,2,BRENDA,0.6483600109809315,0.3241800054904658,0.3241800054904658,,0.0,7.0
ecoli|FMNRx_num1|g1|nadh_c,1,BRENDA,,,,,,
ecoli|GLYCK|g1|glyc__R_c,1,BRENDA,,,,,,
ecoli|GPDDA3|g1|g3ps_c,1,BRENDA,,,,,,
ecoli|SFGTHi_num1|g1|Sfglutth_c,1,SABIO-RK,,,,,,
ecoli|SFGTHi_num1|g1|h2o_c,13,SABIO-RK,1.398607640597374,0.3592653130497757,0.4165093874053242,,0.0,0.0
ecoli|PDX5POi|g1|pdx5p_c,2,BRENDA,0.2839966563652008,0.1419983281826004,0.1419983281826004,,,
ecoli|FACOAE120|g1|ddcacoa_c,7,BRENDA;SABIO-RK,2.249734589687789,0.9487045940238079,0.6744643202086463,1.1191187201877986,0.0,0.0
ecoli|FACOAE120|g1|h2o_c,16,SABIO-RK,3.9808582582165624,0.5637513170379238,0.8911041767793371,,0.5,0.0
ecoli|3OAR120|g1|nadph_c,1,BRENDA,,,,,,
ecoli|ASNS1|g1|asp__L_c,9,BRENDA,0.7124724747396659,0.11918640771920871,0.15786275582673895,,0.0,0.0
ecoli|ASNS1|g1|atp_c,9,BRENDA,0.5652573434202136,0.05912145211865667,0.12174921726922783,,0.0,0.0
ecoli|ASNS1|g1|gln__L_c,11,BRENDA,1.0486919238997245,0.35622904245749787,0.35329051375114884,,0.0,0.0
ecoli|3OAR181|g1|nadph_c,1,BRENDA,,,,,,
ecoli|3OAS181|g1|malACP_c,1,BRENDA,,,,,,
ecoli|3OAR141|g1|nadph_c,1,BRENDA,,,,,,
ecoli|3OAR161|g1|nadph_c,1,BRENDA,,,,,,
ecoli|3OAR140|g1|nadph_c,1,BRENDA,,,,,,
ecoli|3OAR160|g1|nadph_c,1,BRENDA,,,,,,
ecoli|CFAS160E|g1|amet_c,4,BRENDA,1.7191733904243058,0.2279659778248621,0.49306995844277596,,0.5999999999999996,0.0
ecoli|CFAS180E|g1|amet_c,4,BRENDA,1.7191733904243058,0.2279659778248621,0.49306995844277596,,0.5999999999999996,0.0
ecoli|CFAS180G|g1|amet_c,4,BRENDA,1.7191733904243058,0.2279659778248621,0.49306995844277596,,0.5999999999999996,0.0
ecoli|3OAR60|g1|nadph_c,1,BRENDA,,,,,,
ecoli|3OAR80|g1|nadph_c,1,BRENDA,,,,,,
ecoli|3OAS121|g1|malACP_c,1,BRENDA,,,,,,
ecoli|3OAR40|g1|nadph_c,1,BRENDA,,,,,,
ecoli|3OAR100|g1|nadph_c,1,BRENDA,,,,,,
ecoli|3OAS180_num1|g1|malACP_c,1,BRENDA,,,,,,
ecoli|3OAR180|g1|nadph_c,1,BRENDA,,,,,,
ecoli|OXCDC|g1|oxalcoa_c,1,BRENDA,,,,,,
ecoli|THRA_num1|g1|thr__L_c,1,BRENDA,,,,,,
ecoli|HACD8_num1|g1|h_c,4,SABIO-RK,0.019996628416253603,0.009998314208126802,0.009998314208126802,,0.0,0.0
ecoli|HACD8_num1|g1|nadh_c,4,SABIO-RK,0.019996628416253603,0.009998314208126802,0.009998314208126802,,0.0,0.0
ecoli|CDGR|g1|nadph_c,2,BRENDA,1.6337744045051688,0.8168872022525844,0.8168872022525844,,0.5,12.0
ecoli|CDGR|g1|preq0_c,1,BRENDA,,,,,,
ecoli|SEPHCHCS|g1|akg_c,5,BRENDA;SABIO-RK,0.23603227852954078,0.0,0.04720645570590816,0.23603227852954078,1.5,4.0
ecoli|SEPHCHCS|g1|ichor_c,5,BRENDA;SABIO-RK,0.30578028266688706,0.0,0.06115605653337741,0.30578028266688706,1.5,4.0
ecoli|HADPCOADH3|g1|nad_c,4,SABIO-RK,0.019996628416253603,0.009998314208126802,0.009998314208126802,,0.0,0.0
ecoli|AOXSr2|g1|ala__L_c,3,BRENDA;SABIO-RK,0.3309932190414244,0.0,0.11033107301380814,0.1654966095207122,0.0,0.0
ecoli|LIPATPT|g1|atp_c,1,BRENDA,,,,,,
ecoli|ALDD19xr|g1|nad_c,2,BRENDA,0.7606378538624898,0.3803189269312449,0.3803189269312449,,0.0,
ecoli|ALDD19xr|g1|pacald_c,1,BRENDA,,,,,,
ecoli|3OXCOAT|g1|coa_c,2,SABIO-RK,0.02435934585944466,0.01217967292972233,0.01217967292972233,,0.0,0.0
ecoli|APCS|g1|ametam_c,1,BRENDA,,,,,,
ecoli|DHNPA2r|g1|dhnpt_c,1,BRENDA,,,,,,
ecoli|CYSTA|g1|akg_c,8,SABIO-RK,1.3416478465722452,0.18287766265031813,0.3116011850039447,,0.0,0.0
ecoli|CYSTA|g1|cys__L_c,1,BRENDA,,,,,,
ecoli|QUINDH|g1|nad_c,3,BRENDA,0.45331834004703764,0.13109904531311833,0.15110611334901256,,0.0,0.0
ecoli|QUINDH|g1|quin_c,2,BRENDA,0.354108439147401,0.1770542195737005,0.1770542195737005,,0.0,0.0
ecoli|LEUTAi_num2|g1|4mop_c,3,BRENDA,2.489606966267722,0.5724954937740255,0.8298689887559075,,0.0,12.0
ecoli|ACP1_FMN_num2|g1|fmn_c,2,BRENDA,0.1602144969568431,0.08010724847842154,0.08010724847842154,,,
ecoli|ACP1_FMN_num3|g1|fmn_c,2,BRENDA,0.1602144969568431,0.08010724847842154,0.08010724847842154,,,
ecoli|HCO3E_num2|g1|co2_c,1,BRENDA,,,,,,
ecoli|ACALD_num2|g1|acald_c,1,BRENDA,,,,,,
ecoli|PPA_num2|g1|ppi_c,14,BRENDA,3.059585689984244,0.26573945852112757,0.5833599792439108,,2.5999999999999996,0.0
ecoli|PPA_num3|g1|ppi_c,14,BRENDA,3.059585689984244,0.26573945852112757,0.5833599792439108,,2.5999999999999996,0.0
ecoli|ALAR_num2|g1|ala__L_c,9,BRENDA,1.403610695586661,0.11989720629805034,0.28890265326932635,,0.0,0.0
ecoli|XYLK_num2|g1|xylu__D_c,1,BRENDA,,,,,,
ecoli|ASPTA_num2|g1|akg_c,8,SABIO-RK,1.3416478465722452,0.18287766265031813,0.3116011850039447,,0.0,0.0
ecoli|ASPTA_num2|g1|asp__L_c,7,BRENDA;SABIO-RK,2.016705693502853,0.6332658320965017,0.5522843902221409,0.7900504736833514,1.0,5.0
ecoli|FBP_num2|g1|fdp_c,3,BRENDA,0.5118833609788744,0.034762106259212056,0.17062778699295814,,0.0,0.0
ecoli|FBP_num3|g1|fdp_c,1,BRENDA,,,,,,
ecoli|FBP_num4|g1|fdp_c,7,BRENDA,0.6590984922983265,0.11394335230683672,0.18775565315082257,,1.5,15.0
ecoli|A5PISO_num2|g1|ru5p__D_c,4,BRENDA,1.385350881364017,0.5638932897405631,0.6226031615979049,,1.9000000000000004,0.0
ecoli|CHORM_num2|g1|chor_c,19,BRENDA,4.132117321235423,0.2387250082110537,1.4252722206596498,,0.5999999999999996,7.0
ecoli|FBA_num2|g1|fdp_c,3,BRENDA,0.2384744919993398,0.10737544668622134,0.07949149733311327,,,0.0
ecoli|TALA_num2|g1|g3p_c,1,BRENDA,,,,,,
ecoli|NADDP_num2|g1|nad_c,1,BRENDA,,,,,,
ecoli|HMPK1_num2|g1|4ahmmp_c,2,BRENDA,0.17862359557107632,0.08931179778553816,0.08931179778553816,,0.5,
ecoli|HMPK1_num2|g1|atp_c,1,BRENDA,,,,,,
ecoli|DURIPP_num2|g1|duri_c,1,BRENDA,,,,,,
ecoli|DURIPP_num2|g1|pi_c,3,BRENDA,1.7175794307730692,0.36823906960053265,0.5725264769243564,,,13.0
ecoli|G1PP_num2|g1|g1p_c,1,BRENDA,,,,,,
ecoli|G1PP_num3|g1|g1p_c,1,BRENDA,,,,,,
ecoli|PTAr_num2|g1|accoa_c,18,BRENDA;SABIO-RK,3.8947742598240773,1.0170333392987803,1.0338298499927074,1.8619399515862574,0.20000000000000018,0.0
ecoli|PTAr_num2|g1|pi_c,16,SABIO-RK,3.8947742598240773,0.6443869794303869,0.9652945962169435,,,0.0
ecoli|ACKr_num2|g1|ac_c,4,BRENDA,0.4041003173768565,0.13573737605113267,0.14740316261452568,,0.0,15.0
ecoli|ACKr_num2|g1|atp_c,5,BRENDA,0.42404281123624266,0.09499259496233492,0.12099299639427397,,1.0,20.0
ecoli|ACKr_num3|g1|ac_c,4,BRENDA,0.4041003173768565,0.13573737605113267,0.14740316261452568,,0.0,15.0
ecoli|ACKr_num3|g1|atp_c,5,BRENDA,0.42404281123624266,0.09499259496233492,0.12099299639427397,,1.0,20.0
ecoli|NTPP2_num2|g1|h2o_c,5,SABIO-RK,0.9414682214028959,0.018389623994555446,0.372167410841801,,0.0,0.0
ecoli|IPMD_num2|g1|3c2hmp_c,2,BRENDA;SABIO-RK,0.7596678446896303,0.37983392234481517,0.37983392234481517,0.7596678446896303,0.09999999999999964,3.0
ecoli|IPMD_num2|g1|nad_c,4,BRENDA;SABIO-RK,1.0669467896306133,0.0031244746385008515,0.2667366974076533,0.0,0.0,0.0
ecoli|PUNP5_num2|g1|ins_c,1,BRENDA,,,,,,
ecoli|PUNP5_num2|g1|pi_c,3,BRENDA,1.7175794307730692,0.36823906960053265,0.5725264769243564,,,13.0
ecoli|PUNP6_num2|g1|pi_c,3,BRENDA,1.7175794307730692,0.36823906960053265,0.5725264769243564,,,13.0
ecoli|PUNP3_num2|g1|pi_c,3,BRENDA,1.7175794307730692,0.36823906960053265,0.5725264769243564,,,13.0
ecoli|FUM_num2|g1|fum_c,3,BRENDA,1.3472072972596694,0.00037781166532679933,0.44906909908655646,,0.0,
ecoli|FUM_num3|g1|fum_c,2,BRENDA,0.00037781166532679933,0.00018890583266339966,0.00018890583266339966,,0.0,
ecoli|HACD5_num2|g1|h_c,4,SABIO-RK,0.019996628416253603,0.009998314208126802,0.009998314208126802,,0.0,0.0
ecoli|HACD5_num2|g1|nadh_c,4,SABIO-RK,0.019996628416253603,0.009998314208126802,0.009998314208126802,,0.0,0.0
ecoli|ABTA_num2|g1|4abut_c,21,SABIO-RK,5.314050505656492,1.3902210326663114,1.4406902112978774,,0.0,0.0
ecoli|ABTA_num2|g1|akg_c,25,SABIO-RK,5.314050505656492,1.193820026016113,1.4119792849357946,,0.0,0.0
ecoli|SERD_L_num2|g1|ser__L_c,2,BRENDA,0.09611241042959406,0.04805620521479703,0.04805620521479703,,0.0,
ecoli|SERD_L_num3|g1|ser__L_c,2,BRENDA,0.09611241042959406,0.04805620521479703,0.04805620521479703,,0.0,
ecoli|SERD_L_num4|g1|ser__L_c,2,BRENDA,0.09611241042959406,0.04805620521479703,0.04805620521479703,,0.0,
ecoli|SERD_L_num5|g1|ser__L_c,2,BRENDA,0.09611241042959406,0.04805620521479703,0.04805620521479703,,0.0,
ecoli|THRD_num2|g1|thr__L_c,1,BRENDA,,,,,,
ecoli|RBP4E_num2|g1|ru5p__L_c,9,BRENDA,1.8615891473114554,0.062446288403936734,0.42184238434626287,,0.09999999999999964,15.0
ecoli|RBP4E_num3|g1|ru5p__L_c,9,BRENDA,1.8615891473114554,0.062446288403936734,0.42184238434626287,,0.09999999999999964,15.0
ecoli|NTD2_num2|g1|h2o_c,4,SABIO-RK,0.4911643321031308,0.1755983025648556,0.17655607520576708,,0.0,0.0
ecoli|NTD2_num2|g1|ump_c,1,SABIO-RK,,,,,,
ecoli|NTD2_num3|g1|h2o_c,19,SABIO-RK,3.670941280735775,1.08795517035513,0.9994551952118648,,1.0,12.0
ecoli|NTD2_num3|g1|ump_c,1,SABIO-RK,,,,,,
ecoli|NTD4_num2|g1|h2o_c,19,SABIO-RK,3.670941280735775,1.08795517035513,0.9994551952118648,,1.0,12.0
ecoli|NTD5_num2|g1|dtmp_c,2,SABIO-RK,2.278753600952829,1.1393768004764144,1.1393768004764144,,0.5,0.0
ecoli|NTD5_num2|g1|h2o_c,4,SABIO-RK,0.4911643321031308,0.1755983025648556,0.17655607520576708,,0.0,0.0
ecoli|NTD5_num3|g1|dtmp_c,1,SABIO-RK,,,,,,
ecoli|NTD5_num3|g1|h2o_c,4,SABIO-RK,0.9212422493363996,0.10180616635347217,0.26842551489899064,,0.0,0.0
ecoli|NTD5_num4|g1|dtmp_c,2,SABIO-RK,2.278753600952829,1.1393768004764144,1.1393768004764144,,0.5,0.0
ecoli|NTD5_num4|g1|h2o_c,19,SABIO-RK,3.670941280735775,1.08795517035513,0.9994551952118648,,1.0,12.0
ecoli|NTD6_num2|g1|damp_c,1,SABIO-RK,,,,,,
ecoli|NTD6_num2|g1|h2o_c,4,SABIO-RK,0.4911643321031308,0.1755983025648556,0.17655607520576708,,0.0,0.0
ecoli|NTD6_num3|g1|damp_c,1,SABIO-RK,,,,,,
ecoli|NTD6_num3|g1|h2o_c,19,SABIO-RK,3.670941280735775,1.08795517035513,0.9994551952118648,,1.0,12.0
ecoli|HACD6_num2|g1|h_c,4,SABIO-RK,0.019996628416253603,0.009998314208126802,0.009998314208126802,,0.0,0.0
ecoli|HACD6_num2|g1|nadh_c,4,SABIO-RK,0.019996628416253603,0.009998314208126802,0.009998314208126802,,0.0,0.0
ecoli|PYDXK_num2|g1|pydx_c,2,BRENDA,0.06069784035361164,0.03034892017680582,0.03034892017680582,,0.0,0.0
ecoli|KAS14_num2|g1|malACP_c,2,BRENDA,0.42100531274073116,0.21050265637036558,0.21050265637036558,,0.0,0.0
ecoli|HACD4_num2|g1|h_c,4,SABIO-RK,0.019996628416253603,0.009998314208126802,0.009998314208126802,,0.0,0.0
ecoli|HACD4_num2|g1|nadh_c,4,SABIO-RK,0.019996628416253603,0.009998314208126802,0.009998314208126802,,0.0,0.0
ecoli|HACD7_num2|g1|h_c,4,SABIO-RK,0.019996628416253603,0.009998314208126802,0.009998314208126802,,0.0,0.0
ecoli|HACD7_num2|g1|nadh_c,4,SABIO-RK,0.019996628416253603,0.009998314208126802,0.009998314208126802,,0.0,0.0
ecoli|NTD9_num2|g1|gmp_c,2,BRENDA;SABIO-RK,0.0,0.0,0.0,0.0,,
ecoli|NTD9_num2|g1|h2o_c,4,SABIO-RK,0.4911643321031308,0.1755983025648556,0.17655607520576708,,0.0,0.0
ecoli|NTD9_num3|g1|gmp_c,2,BRENDA;SABIO-RK,0.0,0.0,0.0,0.0,,
ecoli|NTD9_num3|g1|h2o_c,19,SABIO-RK,3.670941280735775,1.08795517035513,0.9994551952118648,,1.0,12.0
ecoli|NTD9_num4|g1|gmp_c,2,BRENDA;SABIO-RK,0.0,0.0,0.0,0.0,,
ecoli|NTD9_num4|g1|h2o_c,19,SABIO-RK,3.670941280735775,1.08795517035513,0.9994551952118648,,1.0,12.0
ecoli|CAT_num2|g1|h2o2_c,29,BRENDA,3.3735806628125933,0.449771646944906,0.9654297933015562,,3.5,15.0
ecoli|AB6PGH_num2|g1|h2o_c,4,SABIO-RK,1.0,0.401852677428016,0.4305088271011781,,0.0,0.0
ecoli|AB6PGH_num3|g1|h2o_c,4,SABIO-RK,1.0,0.401852677428016,0.4305088271011781,,0.0,0.0
ecoli|HACD1_num2|g1|aacoa_c,4,SABIO-RK,0.019996628416253603,0.009998314208126802,0.009998314208126802,,0.0,0.0
ecoli|HACD1_num2|g1|h_c,4,SABIO-RK,0.019996628416253603,0.009998314208126802,0.009998314208126802,,0.0,0.0
ecoli|HACD1_num2|g1|nadh_c,4,SABIO-RK,0.019996628416253603,0.009998314208126802,0.009998314208126802,,0.0,0.0
ecoli|HACD2_num2|g1|h_c,4,SABIO-RK,0.019996628416253603,0.009998314208126802,0.009998314208126802,,0.0,0.0
ecoli|HACD2_num2|g1|nadh_c,4,SABIO-RK,0.019996628416253603,0.009998314208126802,0.009998314208126802,,0.0,0.0
ecoli|TDPGDH_num2|g1|dtdpglu_c,3,BRENDA,0.4114424790756848,0.0,0.13714749302522827,,0.0,19.0
ecoli|KG6PDC_num2|g1|3dhgulnp_c,27,BRENDA;SABIO-RK,2.527426373031058,0.5691787649333068,0.6388158021781536,1.5614421404196983,0.0,0.0
ecoli|KG6PDC_num2|g1|h_c,23,SABIO-RK,2.4288165751451074,0.49291552190289434,0.5623155152926885,,0.0,0.0
ecoli|FMNRx2_num2|g1|fmn_c,1,BRENDA,,,,,,
ecoli|FMNRx2_num2|g1|nadph_c,1,BRENDA,,,,,,
ecoli|FMNRx2_num3|g1|fmn_c,1,BRENDA,,,,,,
ecoli|FMNRx2_num3|g1|nadph_c,1,BRENDA,,,,,,
ecoli|ACPS1_num2|g1|coa_c,1,BRENDA,,,,,,
ecoli|NTD1_num2|g1|dump_c,2,SABIO-RK,1.968685937331598,0.984342968665799,0.984342968665799,,0.5,0.0
ecoli|NTD1_num2|g1|h2o_c,4,SABIO-RK,0.4911643321031308,0.1755983025648556,0.17655607520576708,,0.0,0.0
ecoli|NTD1_num3|g1|dump_c,1,SABIO-RK,,,,,,
ecoli|NTD1_num3|g1|h2o_c,4,SABIO-RK,0.9212422493363996,0.10180616635347217,0.26842551489899064,,0.0,0.0
ecoli|NTD1_num4|g1|dump_c,2,SABIO-RK,1.968685937331598,0.984342968665799,0.984342968665799,,0.5,0.0
ecoli|NTD1_num4|g1|h2o_c,19,SABIO-RK,3.670941280735775,1.08795517035513,0.9994551952118648,,1.0,12.0
ecoli|NTD7_num2|g1|amp_c,2,BRENDA;SABIO-RK,0.0,0.0,0.0,0.0,,
ecoli|NTD7_num2|g1|h2o_c,4,SABIO-RK,0.4911643321031308,0.1755983025648556,0.17655607520576708,,0.0,0.0
ecoli|NTD7_num3|g1|amp_c,6,BRENDA;SABIO-RK,2.1848651833631862,0.29633544823546565,0.7560155536576575,0.16636295521957267,0.5,15.0
ecoli|NTD7_num3|g1|h2o_c,19,SABIO-RK,3.670941280735775,1.08795517035513,0.9994551952118648,,1.0,12.0
ecoli|NTD7_num4|g1|amp_c,6,BRENDA;SABIO-RK,2.1848651833631862,0.29633544823546565,0.7560155536576575,0.16636295521957267,0.5,15.0
ecoli|NTD7_num4|g1|h2o_c,19,SABIO-RK,3.670941280735775,1.08795517035513,0.9994551952118648,,1.0,12.0
ecoli|ASNN_num2|g1|asn__L_c,11,BRENDA;SABIO-RK,5.15836249209525,0.3979400086720377,1.0319790007574243,0.5685865965126558,1.0,12.0
ecoli|ASNN_num2|g1|h2o_c,19,SABIO-RK,3.8603380065709936,0.4282016137045732,0.982282473518672,,0.0,0.0
ecoli|ASNS2_num2|g1|asp__L_c,9,BRENDA,0.7124724747396659,0.11918640771920871,0.15786275582673895,,0.0,0.0
ecoli|ASNS2_num2|g1|atp_c,9,BRENDA,0.5652573434202136,0.05912145211865667,0.12174921726922783,,0.0,0.0
ecoli|ASNS2_num2|g1|nh4_c,1,BRENDA,,,,,,
ecoli|ASPCT_num2|g1|asp__L_c,1,BRENDA,,,,,,
ecoli|DDPA_num2|g1|e4p_c,6,BRENDA,2.013375086046818,0.5336773847231702,0.5439434231798576,,0.20000000000000018,12.0
ecoli|DDPA_num2|g1|pep_c,8,BRENDA,0.8715159826270507,0.2361343759626252,0.21565263341165167,,1.0999999999999996,12.0
ecoli|DDPA_num3|g1|e4p_c,6,BRENDA,2.013375086046818,0.5336773847231702,0.5439434231798576,,0.20000000000000018,12.0
ecoli|DDPA_num3|g1|pep_c,8,BRENDA,0.8715159826270507,0.2361343759626252,0.21565263341165167,,1.0999999999999996,12.0
ecoli|MALS_num2|g1|glx_c,1,BRENDA,,,,,,
ecoli|ADPRDP_num2|g1|adprib_c,1,BRENDA,,,,,,
ecoli|FCLPA_num2|g1|fc1p_c,1,BRENDA,,,,,,
ecoli|CYSS_num2|g1|acser_c,2,SABIO-RK,0.3990110190345635,0.19950550951728174,0.19950550951728174,,0.0,0.0
ecoli|CYSS_num2|g1|h2s_c,2,SABIO-RK,0.3990110190345635,0.19950550951728174,0.19950550951728174,,0.0,0.0
ecoli|ASPK_num2|g1|asp__L_c,1,SABIO-RK,,,,,,
ecoli|ASPK_num2|g1|atp_c,1,SABIO-RK,,,,,,
ecoli|ASPK_num3|g1|asp__L_c,5,SABIO-RK,2.991226075692495,1.0569048513364725,0.8140814643480239,,0.0,0.0
ecoli|ASPK_num3|g1|atp_c,18,SABIO-RK,3.5141048209728325,0.5441596029928759,0.6256415397754299,,0.0,7.0
ecoli|CYTDH_num2|g1|cytd_c,1,BRENDA,,,,,,
ecoli|CYTDH_num3|g1|cytd_c,3,BRENDA,1.0152399665567369,0.0,0.33841332218557896,,0.2999999999999998,5.0
ecoli|NTPP4_num2|g1|ctp_c,3,BRENDA;SABIO-RK,0.44407172974436804,0.0,0.14802390991478934,0.22203586487218407,0.5,7.0
ecoli|NTPP4_num2|g1|h2o_c,5,SABIO-RK,0.9414682214028959,0.018389623994555446,0.372167410841801,,0.0,0.0
ecoli|NTPP3_num2|g1|dctp_c,4,BRENDA;SABIO-RK,0.44120869882901803,0.04260660540876893,0.11030217470725451,0.0,0.5,7.0
ecoli|NTPP3_num2|g1|h2o_c,3,SABIO-RK,0.5581545056288806,0.2562836684981682,0.18605150187629352,,0.0,0.0
ecoli|NTPP3_num3|g1|dctp_c,3,BRENDA;SABIO-RK,0.08521321081753785,0.0,0.02840440360584595,0.04260660540876904,0.5,7.0
ecoli|NTPP3_num3|g1|h2o_c,3,SABIO-RK,0.5581545056288806,0.2562836684981682,0.18605150187629352,,0.0,0.0
ecoli|NTPP6_num2|g1|h2o_c,5,SABIO-RK,0.9414682214028959,0.018389623994555446,0.372167410841801,,0.0,0.0
ecoli|NTPP7_num2|g1|dttp_c,1,BRENDA,,,,,,
ecoli|NTPP7_num3|g1|dttp_c,1,BRENDA,,,,,,
ecoli|NTPP8_num2|g1|h2o_c,5,SABIO-RK,0.9414682214028959,0.018389623994555446,0.372167410841801,,0.0,0.0
ecoli|NTPP8_num2|g1|utp_c,1,BRENDA,,,,,,
ecoli|CYANST_num2|g1|cyan_c,1,SABIO-RK,,,,,,
ecoli|CYANST_num2|g1|tsul_c,3,BRENDA;SABIO-RK,0.6087933739869307,0.05324551195322469,0.20293112466231022,0.5821706180103186,0.0,23.0
ecoli|CYANST_num3|g1|cyan_c,1,SABIO-RK,,,,,,
ecoli|CYANST_num3|g1|tsul_c,3,BRENDA;SABIO-RK,0.6087933739869307,0.05324551195322469,0.20293112466231022,0.5821706180103186,0.0,23.0
ecoli|GLUN_num2|g1|gln__L_c,1,BRENDA,,,,,,
ecoli|OCBT_num2|g1|cbp_c,1,SABIO-RK,,,,,,
ecoli|OCBT_num2|g1|orn_c,1,SABIO-RK,,,,,,
ecoli|PHETA1_num2|g1|akg_c,10,BRENDA;SABIO-RK,1.73647461982014,0.3979400086720377,0.40867903488285534,0.891376579805883,0.9500000000000002,12.0
ecoli|PHETA1_num2|g1|phe__L_c,5,BRENDA;SABIO-RK,2.6167832481486686,0.14266750356873148,0.5665759337751867,0.034619293205099044,0.9500000000000002,12.0
ecoli|PHETA1_num3|g1|akg_c,10,BRENDA;SABIO-RK,1.73647461982014,0.3979400086720377,0.40867903488285534,0.891376579805883,0.9500000000000002,12.0
ecoli|PHETA1_num3|g1|phe__L_c,5,BRENDA;SABIO-RK,2.6167832481486686,0.14266750356873148,0.5665759337751867,0.034619293205099044,0.9500000000000002,12.0
ecoli|NTP3_num2|g1|gtp_c,10,BRENDA,4.828230114726962,1.3764045087763217,1.4478955393907869,,0.0,0.0
ecoli|NTP3_num3|g1|gtp_c,10,BRENDA,4.828230114726962,1.3764045087763217,1.4478955393907869,,0.0,0.0
ecoli|NTP3_num4|g1|gtp_c,10,BRENDA,4.828230114726962,1.3764045087763217,1.4478955393907869,,0.0,0.0
ecoli|NTP3_num5|g1|gtp_c,10,BRENDA,4.828230114726962,1.3764045087763217,1.4478955393907869,,0.0,0.0
ecoli|NTP3_num6|g1|gtp_c,10,BRENDA,4.828230114726962,1.3764045087763217,1.4478955393907869,,0.0,0.0
ecoli|NTP3_num7|g1|gtp_c,10,BRENDA,4.828230114726962,1.3764045087763217,1.4478955393907869,,0.0,0.0
ecoli|GLCRD_num2|g1|glcr_c,1,BRENDA,,,,,,
ecoli|CHRPL_num2|g1|chor_c,3,BRENDA,0.31663506899455723,0.054357662322592676,0.10554502299818576,,0.0,
ecoli|GLUDC_num2|g1|glu__L_c,2,BRENDA,0.37743525407468126,0.18871762703734063,0.18871762703734063,,0.0,0.0
ecoli|HSDy_num2|g1|hom__L_c,4,BRENDA,2.0,0.5691513490831407,0.7027359409449878,,,
ecoli|SSALy_num2|g1|sucsal_c,1,BRENDA,,,,,,
ecoli|ACACT7r_num2|g1|accoa_c,3,BRENDA;SABIO-RK,1.2284793285153692,0.02435934585944466,0.4094931095051231,1.216299655585647,0.2999999999999998,5.0
ecoli|ACACT2r_num2|g1|accoa_c,3,BRENDA;SABIO-RK,1.2284793285153692,0.02435934585944466,0.4094931095051231,1.216299655585647,0.2999999999999998,5.0
ecoli|ACACT3r_num2|g1|accoa_c,1,BRENDA,,,,,,
ecoli|ACACT4r_num2|g1|accoa_c,3,BRENDA;SABIO-RK,1.2284793285153692,0.02435934585944466,0.4094931095051231,1.216299655585647,0.2999999999999998,5.0
ecoli|NTD8pp_num2|g1|dgmp_p,2,SABIO-RK,1.6042260530844699,0.8021130265422349,0.8021130265422349,,1.0,0.0
ecoli|NTD8pp_num2|g1|h2o_p,4,SABIO-RK,1.0969100130080565,0.18975846292262588,0.28635842995297095,,0.0,0.0
ecoli|TRSARr_num2|g1|2h3oppan_c,1,SABIO-RK,,,,,,
ecoli|TRSARr_num2|g1|h_c,1,SABIO-RK,,,,,,
ecoli|TRSARr_num2|g1|nadh_c,1,SABIO-RK,,,,,,
ecoli|URIH_num2|g1|uri_c,1,BRENDA,,,,,,
ecoli|URIH_num3|g1|uri_c,1,BRENDA,,,,,,
ecoli|ACACT5r_num2|g1|accoa_c,1,BRENDA,,,,,,
ecoli|ACACT6r_num2|g1|accoa_c,3,BRENDA;SABIO-RK,1.2284793285153692,0.02435934585944466,0.4094931095051231,1.216299655585647,0.2999999999999998,5.0
ecoli|AMPTASECG_num2|g1|cgly_c,1,SABIO-RK,,,,,,
ecoli|AMPTASECG_num2|g1|h2o_c,3,SABIO-RK,1.5422443075139685,0.2078694375142911,0.5140814358379895,,0.0,0.0
ecoli|AMPTASECG_num3|g1|cgly_c,1,SABIO-RK,,,,,,
ecoli|AMPTASECG_num3|g1|h2o_c,3,SABIO-RK,1.5422443075139685,0.2078694375142911,0.5140814358379895,,0.0,0.0
ecoli|AMPTASECG_num4|g1|cgly_c,1,SABIO-RK,,,,,,
ecoli|AMPTASECG_num4|g1|h2o_c,3,SABIO-RK,1.5422443075139685,0.2078694375142911,0.5140814358379895,,0.0,0.0
ecoli|FEROpp_num2|g1|fe2_p,1,BRENDA,,,,,,
ecoli|DNTPPA_num2|g1|ahdt_c,1,BRENDA,,,,,,
ecoli|NTD10pp_num2|g1|h2o_p,4,SABIO-RK,1.0969100130080565,0.18975846292262588,0.28635842995297095,,0.0,0.0
ecoli|NTD1pp_num2|g1|dump_p,2,SABIO-RK,1.968685937331598,0.984342968665799,0.984342968665799,,0.5,0.0
ecoli|NTD1pp_num2|g1|h2o_p,19,SABIO-RK,3.670941280735775,1.08795517035513,0.9994551952118648,,1.0,12.0
ecoli|NTD2pp_num2|g1|h2o_p,19,SABIO-RK,3.670941280735775,1.08795517035513,0.9994551952118648,,1.0,12.0
ecoli|NTD2pp_num2|g1|ump_p,1,SABIO-RK,,,,,,
ecoli|NTD2pp_num3|g1|h2o_p,19,SABIO-RK,3.670941280735775,1.08795517035513,0.9994551952118648,,1.0,12.0
ecoli|NTD2pp_num3|g1|ump_p,1,SABIO-RK,,,,,,
ecoli|NTD3pp_num2|g1|dcmp_p,1,SABIO-RK,,,,,,
ecoli|NTD3pp_num2|g1|h2o_p,19,SABIO-RK,3.670941280735775,1.08795517035513,0.9994551952118648,,1.0,12.0
ecoli|NTD4pp_num2|g1|h2o_p,4,SABIO-RK,1.0969100130080565,0.18975846292262588,0.28635842995297095,,0.0,0.0
ecoli|NTD4pp_num3|g1|h2o_p,19,SABIO-RK,3.670941280735775,1.08795517035513,0.9994551952118648,,1.0,12.0
ecoli|NTD5pp_num2|g1|dtmp_p,2,SABIO-RK,2.278753600952829,1.1393768004764144,1.1393768004764144,,0.5,0.0
ecoli|NTD5pp_num2|g1|h2o_p,4,SABIO-RK,1.0969100130080565,0.18975846292262588,0.28635842995297095,,0.0,0.0
ecoli|NTD6pp_num2|g1|damp_p,1,SABIO-RK,,,,,,
ecoli|NTD6pp_num2|g1|h2o_p,19,SABIO-RK,3.670941280735775,1.08795517035513,0.9994551952118648,,1.0,12.0
ecoli|NTD7pp_num2|g1|amp_p,3,BRENDA;SABIO-RK,0.37951692584525176,0.0,0.12650564194841726,0.18975846292262588,0.0,0.0
ecoli|NTD7pp_num2|g1|h2o_p,4,SABIO-RK,1.0969100130080565,0.18975846292262588,0.28635842995297095,,0.0,0.0
ecoli|NTD7pp_num3|g1|amp_p,6,BRENDA;SABIO-RK,2.1848651833631862,0.29633544823546565,0.7560155536576575,0.16636295521957267,0.5,15.0
ecoli|NTD7pp_num3|g1|h2o_p,19,SABIO-RK,3.670941280735775,1.08795517035513,0.9994551952118648,,1.0,12.0
ecoli|NTD9pp_num2|g1|gmp_p,2,BRENDA;SABIO-RK,0.0,0.0,0.0,0.0,,
ecoli|NTD9pp_num2|g1|h2o_p,4,SABIO-RK,1.0969100130080565,0.18975846292262588,0.28635842995297095,,0.0,0.0
ecoli|NTD9pp_num3|g1|gmp_p,2,BRENDA;SABIO-RK,0.0,0.0,0.0,0.0,,
ecoli|NTD9pp_num3|g1|h2o_p,19,SABIO-RK,3.670941280735775,1.08795517035513,0.9994551952118648,,1.0,12.0
ecoli|3NTD7pp_num2|g1|3amp_p,7,BRENDA;SABIO-RK,4.643452676486188,1.2525175693828086,1.5056318460507403,0.6262587846914042,0.5,0.0
ecoli|3NTD7pp_num2|g1|h2o_p,2,SABIO-RK,0.2199404050670789,0.10997020253353945,0.10997020253353945,,0.0,0.0
ecoli|3NTD4pp_num2|g1|3cmp_p,2,BRENDA;SABIO-RK,0.0,0.0,0.0,0.0,,
ecoli|3NTD4pp_num2|g1|h2o_p,2,SABIO-RK,0.2199404050670789,0.10997020253353945,0.10997020253353945,,0.0,0.0
ecoli|3NTD4pp_num3|g1|3cmp_p,2,BRENDA;SABIO-RK,0.0,0.0,0.0,0.0,,
ecoli|3NTD4pp_num3|g1|h2o_p,2,SABIO-RK,0.2199404050670789,0.10997020253353945,0.10997020253353945,,0.0,0.0
ecoli|3NTD2pp_num2|g1|h2o_p,2,SABIO-RK,0.2199404050670789,0.10997020253353945,0.10997020253353945,,0.0,0.0
ecoli|3NTD9pp_num2|g1|h2o_p,2,SABIO-RK,0.2199404050670789,0.10997020253353945,0.10997020253353945,,0.0,0.0
ecoli|LYSDC_num2|g1|lys__L_c,2,BRENDA,0.6884198220027107,0.34420991100135534,0.34420991100135534,,0.9000000000000004,41.0
ecoli|NTD3_num2|g1|dcmp_c,1,SABIO-RK,,,,,,
ecoli|NTD3_num2|g1|h2o_c,4,SABIO-RK,0.4911643321031308,0.1755983025648556,0.17655607520576708,,0.0,0.0
ecoli|NTD3_num3|g1|dcmp_c,1,SABIO-RK,,,,,,
ecoli|NTD3_num3|g1|h2o_c,19,SABIO-RK,3.670941280735775,1.08795517035513,0.9994551952118648,,1.0,12.0
ecoli|HACD3_num2|g1|h_c,4,SABIO-RK,0.019996628416253603,0.009998314208126802,0.009998314208126802,,0.0,0.0
ecoli|HACD3_num2|g1|nadh_c,4,SABIO-RK,0.019996628416253603,0.009998314208126802,0.009998314208126802,,0.0,0.0
ecoli|E4PD_num2|g1|e4p_c,2,BRENDA,1.0,0.5,0.5,,,
ecoli|E4PD_num2|g1|nad_c,2,BRENDA,0.9268567089496922,0.4634283544748461,0.4634283544748461,,,
ecoli|DUTPDP_num2|g1|dutp_c,8,BRENDA,1.1124560409836703,0.27062853350822375,0.29230498243914305,,0.2999999999999998,15.0
ecoli|DPR_num2|g1|2dhp_c,17,BRENDA;SABIO-RK,3.455352509957491,0.42596873227228116,0.7477134520332784,0.22184874961635637,0.09999999999999964,2.0
ecoli|DPR_num2|g1|h_c,14,SABIO-RK,3.455352509957491,0.45535250995749066,0.8421649950438113,,0.0,0.0
ecoli|DPR_num2|g1|nadph_c,15,BRENDA;SABIO-RK,3.455352509957491,0.45535250995749066,0.8008105786819809,0.22184874961635637,0.09999999999999964,2.0
ecoli|THRD_L_num2|g1|thr__L_c,1,BRENDA,,,,,,
ecoli|DHFR_num2|g1|dhf_c,10,BRENDA,0.8439258544662059,0.23119899894947804,0.236291042264532,,0.5,10.0
ecoli|DHFR_num2|g1|nadph_c,2,BRENDA,0.8412512966904113,0.42062564834520566,0.42062564834520566,,0.0,
ecoli|TYRTA_num2|g1|akg_c,10,BRENDA;SABIO-RK,1.73647461982014,0.3979400086720377,0.40867903488285534,0.891376579805883,0.9500000000000002,12.0
ecoli|TYRTA_num2|g1|tyr__L_c,11,BRENDA;SABIO-RK,1.3187587626244128,0.1444282508003436,0.32692655604274107,0.11061051631447771,0.7000000000000002,12.0
ecoli|TYRTA_num3|g1|akg_c,10,BRENDA;SABIO-RK,1.73647461982014,0.3979400086720377,0.40867903488285534,0.891376579805883,0.9500000000000002,12.0
ecoli|TYRTA_num3|g1|tyr__L_c,11,BRENDA;SABIO-RK,1.3187587626244128,0.1444282508003436,0.32692655604274107,0.11061051631447771,0.7000000000000002,12.0
ecoli|SHKK_num2|g1|atp_c,1,BRENDA,,,,,,
ecoli|SHKK_num2|g1|skm_c,1,BRENDA,,,,,,
ecoli|GUAPRT_num2|g1|gua_c,1,BRENDA,,,,,,
ecoli|GUAPRT_num2|g1|prpp_c,1,BRENDA,,,,,,
ecoli|NTD8_num2|g1|dgmp_c,1,SABIO-RK,,,,,,
ecoli|NTD8_num2|g1|h2o_c,4,SABIO-RK,0.4911643321031308,0.1755983025648556,0.17655607520576708,,0.0,0.0
ecoli|NTD8_num3|g1|dgmp_c,1,SABIO-RK,,,,,,
ecoli|NTD8_num3|g1|h2o_c,7,SABIO-RK,0.5440680443502757,0.0606978403536117,0.10552038701428142,,0.0,0.0
ecoli|NTD8_num4|g1|dgmp_c,2,SABIO-RK,1.6042260530844699,0.8021130265422349,0.8021130265422349,,1.0,0.0
ecoli|NTD8_num4|g1|h2o_c,19,SABIO-RK,3.670941280735775,1.08795517035513,0.9994551952118648,,1.0,12.0
ecoli|PUNP4_num2|g1|pi_c,3,BRENDA,1.7175794307730692,0.36823906960053265,0.5725264769243564,,,13.0
ecoli|NTD11pp_num2|g1|h2o_p,19,SABIO-RK,3.670941280735775,1.08795517035513,0.9994551952118648,,1.0,12.0
ecoli|ALAALAr_num2|g1|ala__D_c,3,BRENDA,0.3535265167366448,0.09433259012024564,0.11784217224554827,,3.1999999999999993,0.0
ecoli|ACACT1r_num2|g1|accoa_c,1,BRENDA,,,,,,
ecoli|ACACT1r_num3|g1|accoa_c,1,BRENDA,,,,,,
ecoli|NTP1_num2|g1|h2o_c,5,SABIO-RK,0.9414682214028959,0.018389623994555446,0.372167410841801,,0.0,0.0
ecoli|PFK_num2|g1|atp_c,2,BRENDA,3.224189965431259,1.6120949827156295,1.6120949827156295,,0.0,
ecoli|PFK_num2|g1|f6p_c,2,BRENDA,0.1346985738974562,0.0673492869487281,0.0673492869487281,,0.0,0.0
ecoli|G1PPpp_num2|g1|g1p_p,1,BRENDA,,,,,,
ecoli|NTD11_num2|g1|h2o_c,19,SABIO-RK,3.670941280735775,1.08795517035513,0.9994551952118648,,1.0,12.0
ecoli|ORNDC_num2|g1|orn_c,1,BRENDA,,,,,,
ecoli|FMNRx_num2|g1|nadh_c,3,BRENDA,1.7732987475892317,0.6483600109809315,0.5910995825297439,,0.5,12.0
ecoli|SFGTHi_num2|g1|Sfglutth_c,1,SABIO-RK,,,,,,
ecoli|SFGTHi_num2|g1|h2o_c,4,SABIO-RK,2.7558748556724915,0.3890756251918218,0.771717018678479,,0.0,0.0
ecoli|3OAS180_num2|g1|malACP_c,1,BRENDA,,,,,,
ecoli|THRA_num2|g1|thr__L_c,3,BRENDA,1.5728716022004803,0.23044892137827394,0.5242905340668268,,1.0,5.0
ecoli|HACD8_num2|g1|h_c,4,SABIO-RK,0.019996628416253603,0.009998314208126802,0.009998314208126802,,0.0,0.0
ecoli|HACD8_num2|g1|nadh_c,4,SABIO-RK,0.019996628416253603,0.009998314208126802,0.009998314208126802,,0.0,0.0
yeast|r_0012|g1|s_0119,1,BRENDA,,,,,,
yeast|r_0018|g1|s_0991,1,BRENDA,,,,,,
yeast|r_0018|g2|s_0991,1,BRENDA,,,,,,
yeast|r_0018|g3|s_0991,1,BRENDA,,,,,,
yeast|r_0024|g1|s_0232,2,BRENDA,0.27743288686281264,0.13871644343140632,0.13871644343140632,,0.0,0.0
yeast|r_0024|g2|s_0232,2,BRENDA,0.27743288686281264,0.13871644343140632,0.13871644343140632,,0.0,0.0
yeast|r_0025|g1|s_0233,2,BRENDA,0.27743288686281264,0.13871644343140632,0.13871644343140632,,0.0,0.0
yeast|r_0028|g1|s_0807,2,SABIO-RK,0.3089989253352564,0.1544994626676282,0.1544994626676282,,0.0,0.0
yeast|r_0028|g1|s_1273,2,SABIO-RK,0.3089989253352564,0.1544994626676282,0.1544994626676282,,0.0,0.0
yeast|r_0028|g1|s_1382,1,SABIO-RK,,,,,,
yeast|r_0062|g1|s_0232,1,BRENDA,,,,,,
yeast|r_0062|g2|s_0232,1,BRENDA,,,,,,
yeast|r_0062|g3|s_0232,1,BRENDA,,,,,,
yeast|r_0085|g1|s_1012,1,BRENDA,,,,,,
yeast|r_0108|g1|s_0437,1,BRENDA,,,,,,
yeast|r_0115|g1|s_0437,1,BRENDA,,,,,,
yeast|r_0115|g1|s_1192,1,BRENDA,,,,,,
yeast|r_0138|g1|s_0383,1,BRENDA,,,,,,
yeast|r_0142|g1|s_0386,1,BRENDA,,,,,,
yeast|r_0163|g1|s_0680,6,BRENDA;SABIO-RK,0.7966810525823642,0.3175645094235078,0.28037315466416746,0.3902725677195016,2.5,30.0
yeast|r_0163|g1|s_1198,1,SABIO-RK,,,,,,
yeast|r_0165|g1|s_0361,2,BRENDA;SABIO-RK,0.2502258794249541,0.12511293971247706,0.12511293971247706,0.2502258794249541,0.5,0.0
yeast|r_0165|g1|s_0799,1,SABIO-RK,,,,,,
yeast|r_0165|g1|s_1205,1,SABIO-RK,,,,,,
yeast|r_0165|g2|s_0361,2,BRENDA;SABIO-RK,0.2502258794249541,0.12511293971247706,0.12511293971247706,0.2502258794249541,0.5,0.0
yeast|r_0165|g2|s_0799,1,SABIO-RK,,,,,,
yeast|r_0165|g2|s_1205,1,SABIO-RK,,,,,,
yeast|r_0166|g1|s_0794,1,SABIO-RK,,,,,,
yeast|r_0166|g1|s_1203,1,SABIO-RK,,,,,,
yeast|r_0166|g2|s_0794,1,SABIO-RK,,,,,,
yeast|r_0166|g2|s_1203,1,SABIO-RK,,,,,,
yeast|r_0166|g3|s_0794,1,SABIO-RK,,,,,,
yeast|r_0166|g3|s_1203,1,SABIO-RK,,,,,,
yeast|r_0167|g1|s_0799,1,SABIO-RK,,,,,,
yeast|r_0167|g1|s_1205,1,SABIO-RK,,,,,,
yeast|r_0167|g2|s_0799,1,SABIO-RK,,,,,,
yeast|r_0167|g2|s_1205,1,SABIO-RK,,,,,,
yeast|r_0168|g1|s_0166,2,SABIO-RK,0.08787674245750798,0.04393837122875399,0.04393837122875399,,0.0,0.0
yeast|r_0168|g1|s_0794,17,SABIO-RK,1.646538263049465,0.11150691123552248,0.2725890531910555,,3.3,0.0
yeast|r_0168|g1|s_1212,10,SABIO-RK,1.646538263049465,0.11425902957833911,0.360399688210221,,3.3,0.0
yeast|r_0168|g2|s_0166,2,SABIO-RK,0.08787674245750798,0.04393837122875399,0.04393837122875399,,0.0,0.0
yeast|r_0168|g2|s_0794,17,SABIO-RK,1.646538263049465,0.11150691123552248,0.2725890531910555,,3.3,0.0
yeast|r_0168|g2|s_1212,10,SABIO-RK,1.646538263049465,0.11425902957833911,0.360399688210221,,3.3,0.0
yeast|r_0168|g3|s_0166,2,SABIO-RK,0.08787674245750798,0.04393837122875399,0.04393837122875399,,0.0,0.0
yeast|r_0168|g3|s_0794,17,SABIO-RK,1.646538263049465,0.11150691123552248,0.2725890531910555,,3.3,0.0
yeast|r_0168|g3|s_1212,10,SABIO-RK,1.646538263049465,0.11425902957833911,0.360399688210221,,3.3,0.0
yeast|r_0169|g1|s_0794,1,SABIO-RK,,,,,,
yeast|r_0169|g1|s_1203,1,SABIO-RK,,,,,,
yeast|r_0169|g2|s_0794,1,SABIO-RK,,,,,,
yeast|r_0169|g2|s_1203,1,SABIO-RK,,,,,,
yeast|r_0169|g3|s_0794,1,SABIO-RK,,,,,,
yeast|r_0169|g3|s_1203,1,SABIO-RK,,,,,,
yeast|r_0170|g1|s_0799,1,SABIO-RK,,,,,,
yeast|r_0170|g1|s_1205,1,SABIO-RK,,,,,,
yeast|r_0170|g2|s_0799,1,SABIO-RK,,,,,,
yeast|r_0170|g2|s_1205,1,SABIO-RK,,,,,,
yeast|r_0171|g1|s_0794,17,SABIO-RK,1.646538263049465,0.11150691123552248,0.2725890531910555,,3.3,0.0
yeast|r_0171|g1|s_1212,10,SABIO-RK,1.646538263049465,0.11425902957833911,0.360399688210221,,3.3,0.0
yeast|r_0171|g2|s_0794,17,SABIO-RK,1.646538263049465,0.11150691123552248,0.2725890531910555,,3.3,0.0
yeast|r_0171|g2|s_1212,10,SABIO-RK,1.646538263049465,0.11425902957833911,0.360399688210221,,3.3,0.0
yeast|r_0173|g1|s_0359,2,SABIO-RK,0.4569178686313755,0.22845893431568776,0.22845893431568776,,0.0,0.0
yeast|r_0173|g1|s_0803,2,SABIO-RK,0.4569178686313755,0.22845893431568776,0.22845893431568776,,0.0,0.0
yeast|r_0173|g1|s_1207,2,SABIO-RK,0.4569178686313755,0.22845893431568776,0.22845893431568776,,0.0,0.0
yeast|r_0177|g1|s_0803,2,SABIO-RK,0.4569178686313755,0.22845893431568776,0.22845893431568776,,0.0,0.0
yeast|r_0177|g1|s_1207,2,SABIO-RK,0.4569178686313755,0.22845893431568776,0.22845893431568776,,0.0,0.0
yeast|r_0179|g1|s_0794,1,SABIO-RK,,,,,,
yeast|r_0179|g1|s_1203,1,SABIO-RK,,,,,,
yeast|r_0179|g2|s_0794,1,SABIO-RK,,,,,,
yeast|r_0179|g2|s_1203,1,SABIO-RK,,,,,,
yeast|r_0179|g3|s_0794,1,SABIO-RK,,,,,,
yeast|r_0179|g3|s_1203,1,SABIO-RK,,,,,,
yeast|r_0180|g1|s_0799,1,SABIO-RK,,,,,,
yeast|r_0180|g1|s_1205,1,SABIO-RK,,,,,,
yeast|r_0180|g2|s_0799,1,SABIO-RK,,,,,,
yeast|r_0180|g2|s_1205,1,SABIO-RK,,,,,,
yeast|r_0181|g1|s_0234,4,BRENDA;SABIO-RK,2.1069290224664217,0.29840494667973616,0.6538445130810295,1.307689026162059,0.2999999999999998,5.0
yeast|r_0181|g1|s_0794,17,SABIO-RK,1.646538263049465,0.11150691123552248,0.2725890531910555,,3.3,0.0
yeast|r_0181|g1|s_1212,10,SABIO-RK,1.646538263049465,0.11425902957833911,0.360399688210221,,3.3,0.0
yeast|r_0181|g2|s_0234,4,BRENDA;SABIO-RK,2.1069290224664217,0.29840494667973616,0.6538445130810295,1.307689026162059,0.2999999999999998,5.0
yeast|r_0181|g2|s_0794,17,SABIO-RK,1.646538263049465,0.11150691123552248,0.2725890531910555,,3.3,0.0
yeast|r_0181|g2|s_1212,10,SABIO-RK,1.646538263049465,0.11425902957833911,0.360399688210221,,3.3,0.0
yeast|r_0182|g1|s_0794,1,SABIO-RK,,,,,,
yeast|r_0182|g1|s_1203,1,SABIO-RK,,,,,,
yeast|r_0182|g2|s_0794,1,SABIO-RK,,,,,,
yeast|r_0182|g2|s_1203,1,SABIO-RK,,,,,,
yeast|r_0182|g3|s_0794,1,SABIO-RK,,,,,,
yeast|r_0182|g3|s_1203,1,SABIO-RK,,,,,,
yeast|r_0183|g1|s_0799,1,SABIO-RK,,,,,,
yeast|r_0183|g1|s_1205,1,SABIO-RK,,,,,,
yeast|r_0183|g2|s_0799,1,SABIO-RK,,,,,,
yeast|r_0183|g2|s_1205,1,SABIO-RK,,,,,,
yeast|r_0184|g1|s_0794,17,SABIO-RK,1.646538263049465,0.11150691123552248,0.2725890531910555,,3.3,0.0
yeast|r_0184|g1|s_1212,10,SABIO-RK,1.646538263049465,0.11425902957833911,0.360399688210221,,3.3,0.0
yeast|r_0184|g2|s_0794,17,SABIO-RK,1.646538263049465,0.11150691123552248,0.2725890531910555,,3.3,0.0
yeast|r_0184|g2|s_1212,10,SABIO-RK,1.646538263049465,0.11425902957833911,0.360399688210221,,3.3,0.0
yeast|r_0186|g1|s_0794,1,SABIO-RK,,,,,,
yeast|r_0186|g1|s_1203,1,SABIO-RK,,,,,,
yeast|r_0186|g2|s_0794,1,SABIO-RK,,,,,,
yeast|r_0186|g2|s_1203,1,SABIO-RK,,,,,,
yeast|r_0186|g3|s_0794,1,SABIO-RK,,,,,,
yeast|r_0186|g3|s_1203,1,SABIO-RK,,,,,,
yeast|r_0187|g1|s_0799,1,SABIO-RK,,,,,,
yeast|r_0187|g1|s_1205,1,SABIO-RK,,,,,,
yeast|r_0187|g2|s_0799,1,SABIO-RK,,,,,,
yeast|r_0187|g2|s_1205,1,SABIO-RK,,,,,,
yeast|r_0191|g1|s_1554,1,BRENDA,,,,,,
yeast|r_0202|g1|s_0427,2,SABIO-RK,0.0,0.0,0.0,,0.0,0.0
yeast|r_0202|g1|s_1386,2,SABIO-RK,0.0,0.0,0.0,,0.0,0.0
yeast|r_0209|g1|s_0965,2,BRENDA,0.7085153222422492,0.35425766112112456,0.35425766112112456,,,
yeast|r_0210|g1|s_0967,2,BRENDA,0.7085153222422492,0.35425766112112456,0.35425766112112456,,,
yeast|r_0215|g1|s_0434,25,SABIO-RK,3.194329299492832,0.6912145396392565,0.691760399266052,,0.0,0.0
yeast|r_0215|g1|s_0973,25,SABIO-RK,3.194329299492832,0.6912145396392565,0.691760399266052,,0.0,0.0
yeast|r_0222|g1|s_0394,1,BRENDA,,,,,,
yeast|r_0223|g1|s_0394,1,BRENDA,,,,,,
yeast|r_0273|g1|s_0512,1,BRENDA,,,,,,
yeast|r_0274|g1|s_0514,2,BRENDA,1.316567390253279,0.6582836951266395,0.6582836951266395,,,
yeast|r_0278|g1|s_0515,1,BRENDA,,,,,,
yeast|r_0300|g1|s_0376,1,SABIO-RK,,,,,,
yeast|r_0300|g1|s_0807,1,SABIO-RK,,,,,,
yeast|r_0300|g1|s_1273,1,SABIO-RK,,,,,,
yeast|r_0300|g2|s_0376,1,SABIO-RK,,,,,,
yeast|r_0300|g2|s_0807,2,SABIO-RK,0.3089989253352564,0.1544994626676282,0.1544994626676282,,0.0,0.0
yeast|r_0300|g2|s_1273,2,SABIO-RK,0.3089989253352564,0.1544994626676282,0.1544994626676282,,0.0,0.0
yeast|r_0301|g1|s_0378,1,BRENDA,,,,,,
yeast|r_0309|g1|s_1012,3,BRENDA,0.4643820980925638,0.1019895385373315,0.15479403269752126,,,
yeast|r_0309|g1|s_1039,6,BRENDA,0.451624867634814,0.08513038240992021,0.13976790243244372,,,0.0
yeast|r_0310|g1|s_0980,3,BRENDA,0.3034360654298596,0.07870162757601507,0.10114535514328654,,0.5999999999999996,0.0
yeast|r_0318|g1|s_0545,1,BRENDA,,,,,,
yeast|r_0330|g1|s_0434,1,BRENDA,,,,,,
yeast|r_0330|g1|s_0615,1,BRENDA,,,,,,
yeast|r_0344|g1|s_0625,1,BRENDA,,,,,,
yeast|r_0345|g1|s_0626,1,BRENDA,,,,,,
yeast|r_0361|g1|s_0743,2,BRENDA,0.7678608648666165,0.38393043243330827,0.38393043243330827,,0.0,0.0
yeast|r_0364|g1|s_0656,1,BRENDA,,,,,,
yeast|r_0364|g2|s_0656,1,BRENDA,,,,,,
yeast|r_0366|g1|s_0188,5,BRENDA,1.073926106087367,0.5080296242414186,0.3343108965232509,,0.7000000000000002,
yeast|r_0366|g2|s_0188,5,BRENDA,1.073926106087367,0.5080296242414186,0.3343108965232509,,0.7000000000000002,
yeast|r_0366|g3|s_0188,5,BRENDA,1.073926106087367,0.5080296242414186,0.3343108965232509,,0.7000000000000002,
yeast|r_0366|g4|s_0188,5,BRENDA,1.073926106087367,0.5080296242414186,0.3343108965232509,,0.7000000000000002,
yeast|r_0366|g5|s_0188,5,BRENDA,1.073926106087367,0.5080296242414186,0.3343108965232509,,0.7000000000000002,
yeast|r_0373|g1|s_0190,2,BRENDA,0.17026171539495727,0.08513085769747863,0.08513085769747863,,0.0,0.0
yeast|r_0373|g1|s_0943,1,BRENDA,,,,,,
yeast|r_0443|g1|s_0721,1,BRENDA,,,,,,
yeast|r_0443|g1|s_1198,1,SABIO-RK,,,,,,
yeast|r_0449|g1|s_0555,1,BRENDA,,,,,,
yeast|r_0453|g1|s_0061,2,BRENDA,1.4462446882465927,0.7231223441232963,0.7231223441232963,,,
yeast|r_0458|g1|s_0434,1,BRENDA,,,,,,
yeast|r_0458|g1|s_0558,2,BRENDA,0.398329335889418,0.199164667944709,0.199164667944709,,,0.0
yeast|r_0459|g1|s_0410,1,BRENDA,,,,,,
yeast|r_0464|g1|s_0774,1,BRENDA,,,,,,
yeast|r_0469|g1|s_0991,1,BRENDA,,,,,,
yeast|r_0471|g1|s_0180,4,BRENDA,0.06694678963061307,0.016092341685700617,0.016736697407653267,,1.7000000000000002,0.0
yeast|r_0471|g2|s_0180,4,BRENDA,0.06694678963061307,0.016092341685700617,0.016736697407653267,,1.7000000000000002,0.0
yeast|r_0477|g1|s_0557,1,BRENDA,,,,,,
yeast|r_0477|g1|s_0999,1,BRENDA,,,,,,
yeast|r_0478|g1|s_0999,1,BRENDA,,,,,,
yeast|r_0479|g1|s_0991,1,BRENDA,,,,,,
yeast|r_0480|g1|s_0993,1,BRENDA,,,,,,
yeast|r_0486|g1|s_0764,4,BRENDA,0.5033566055778625,0.12913900762151564,0.13048827351738027,,0.0,0.0
yeast|r_0486|g2|s_0764,4,BRENDA,0.5033566055778625,0.12913900762151564,0.13048827351738027,,0.0,0.0
yeast|r_0486|g3|s_0764,4,BRENDA,0.5033566055778625,0.12913900762151564,0.13048827351738027,,0.0,0.0
yeast|r_0526|g1|s_0787,1,BRENDA,,,,,,
yeast|r_0528|g1|s_0434,1,BRENDA,,,,,,
yeast|r_0528|g1|s_0782,1,BRENDA,,,,,,
yeast|r_0529|g1|s_0782,1,BRENDA,,,,,,
yeast|r_0533|g1|s_0434,1,SABIO-RK,,,,,,
yeast|r_0533|g2|s_0434,1,SABIO-RK,,,,,,
yeast|r_0533|g3|s_0434,2,SABIO-RK,0.7914291874822168,0.3957145937411084,0.3957145937411084,,0.0,0.0
yeast|r_0534|g1|s_0434,1,SABIO-RK,,,,,,
yeast|r_0534|g1|s_0563,1,SABIO-RK,,,,,,
yeast|r_0534|g2|s_0434,3,SABIO-RK,2.9420940945247054,0.7914291874822168,0.9806980315082351,,0.0,0.0
yeast|r_0534|g2|s_0563,5,BRENDA;SABIO-RK,2.9420940945247054,0.7858837006143342,0.7850776802043705,0.8845890035557408,1.0,8.0
yeast|r_0534|g3|s_0434,1,SABIO-RK,,,,,,
yeast|r_0534|g3|s_0563,1,SABIO-RK,,,,,,
yeast|r_0534|g4|s_0434,1,SABIO-RK,,,,,,
yeast|r_0534|g4|s_0563,1,SABIO-RK,,,,,,
yeast|r_0534|g5|s_0434,3,SABIO-RK,2.9420940945247054,0.7914291874822168,0.9806980315082351,,0.0,0.0
yeast|r_0534|g5|s_0563,5,BRENDA;SABIO-RK,2.9420940945247054,0.7858837006143342,0.7850776802043705,0.8845890035557408,1.0,8.0
yeast|r_0535|g1|s_0434,1,SABIO-RK,,,,,,
yeast|r_0535|g2|s_0434,1,SABIO-RK,,,,,,
yeast|r_0535|g3|s_0434,2,SABIO-RK,0.7914291874822168,0.3957145937411084,0.3957145937411084,,0.0,0.0
yeast|r_0539|g1|s_0434,1,BRENDA,,,,,,
yeast|r_0539|g1|s_1006,1,BRENDA,,,,,,
yeast|r_0540|g1|s_0437,1,BRENDA,,,,,,
yeast|r_0540|g1|s_1008,1,BRENDA,,,,,,
yeast|r_0543|g1|s_0183,1,SABIO-RK,,,,,,
yeast|r_0543|g1|s_0377,2,SABIO-RK,0.30102999566398125,0.15051499783199063,0.15051499783199063,,0.0,0.0
yeast|r_0543|g1|s_0808,2,SABIO-RK,0.30102999566398125,0.15051499783199063,0.15051499783199063,,0.0,0.0
yeast|r_0543|g2|s_0183,2,BRENDA;SABIO-RK,0.32026935364965126,0.16013467682482563,0.16013467682482563,0.32026935364965126,0.0,5.0
yeast|r_0543|g2|s_0377,3,BRENDA;SABIO-RK,0.3483989703812356,0.04736897471725432,0.11613299012707852,0.19788397254924495,0.0,5.0
yeast|r_0543|g2|s_0808,2,SABIO-RK,0.30102999566398125,0.15051499783199063,0.15051499783199063,,0.0,0.0
yeast|r_0545|g1|s_0836,1,BRENDA,,,,,,
yeast|r_0546|g1|s_0794,1,SABIO-RK,,,,,,
yeast|r_0546|g1|s_0978,1,SABIO-RK,,,,,,
yeast|r_0547|g1|s_0794,1,SABIO-RK,,,,,,
yeast|r_0547|g1|s_0978,1,SABIO-RK,,,,,,
yeast|r_0547|g1|s_1212,1,SABIO-RK,,,,,,
yeast|r_0553|g1|s_0033,5,BRENDA,0.2090273171506687,0.07738292264206192,0.06813434233185509,,,
yeast|r_0554|g1|s_0034,1,BRENDA,,,,,,
yeast|r_0567|g1|s_0855,1,BRENDA,,,,,,
yeast|r_0567|g2|s_0855,1,BRENDA,,,,,,
yeast|r_0567|g3|s_0855,1,BRENDA,,,,,,
yeast|r_0568|g1|s_0633,1,BRENDA,,,,,,
yeast|r_0569|g1|s_0636,1,BRENDA,,,,,,
yeast|r_0667|g1|s_0943,1,BRENDA,,,,,,
yeast|r_0674|g1|s_0182,1,BRENDA,,,,,,
yeast|r_0674|g1|s_0957,2,BRENDA,2.0592381299902858,1.0296190649951429,1.0296190649951429,,0.5,0.0
yeast|r_0675|g1|s_0958,1,BRENDA,,,,,,
yeast|r_0676|g1|s_0958,1,BRENDA,,,,,,
yeast|r_0679|g1|s_0969,2,BRENDA,0.3820419550187446,0.1910209775093723,0.1910209775093723,,0.0,0.0
yeast|r_0680|g1|s_0970,2,BRENDA,0.3820419550187446,0.1910209775093723,0.1910209775093723,,0.0,0.0
yeast|r_0680|g2|s_0970,2,BRENDA,0.3820419550187446,0.1910209775093723,0.1910209775093723,,0.0,0.0
yeast|r_0680|g3|s_0970,2,BRENDA,0.3820419550187446,0.1910209775093723,0.1910209775093723,,0.0,0.0
yeast|r_0680|g4|s_0970,2,BRENDA,0.3820419550187446,0.1910209775093723,0.1910209775093723,,0.0,0.0
yeast|r_0690|g1|s_1039,1,BRENDA,,,,,,
yeast|r_0697|g1|s_0750,1,BRENDA,,,,,,
yeast|r_0697|g1|s_1151,1,BRENDA,,,,,,
yeast|r_0701|g1|s_1021,1,BRENDA,,,,,,
yeast|r_0702|g1|s_1023,1,BRENDA,,,,,,
yeast|r_0723|g1|s_0574,1,BRENDA,,,,,,
yeast|r_0727|g1|s_1012,1,BRENDA,,,,,,
yeast|r_0739|g1|s_0018,1,BRENDA,,,,,,
yeast|r_0760|g1|s_0373,11,SABIO-RK,1.1286556820295561,0.301377570297902,0.3218912013678366,,0.0,0.0
yeast|r_0760|g1|s_0412,11,SABIO-RK,1.1286556820295561,0.301377570297902,0.3218912013678366,,0.0,0.0
yeast|r_0762|g1|s_1195,1,BRENDA,,,,,,
yeast|r_0764|g1|s_1202,1,BRENDA,,,,,,
yeast|r_0765|g1|s_1198,1,BRENDA,,,,,,
yeast|r_0765|g2|s_1198,1,BRENDA,,,,,,
yeast|r_0766|g1|s_1200,1,BRENDA,,,,,,
yeast|r_0766|g2|s_1200,1,BRENDA,,,,,,
yeast|r_0766|g3|s_1200,1,BRENDA,,,,,,
yeast|r_0768|g1|s_0999,1,BRENDA,,,,,,
yeast|r_0769|g1|s_1001,1,BRENDA,,,,,,
yeast|r_0770|g1|s_1203,1,BRENDA,,,,,,
yeast|r_0770|g2|s_1203,1,BRENDA,,,,,,
yeast|r_0771|g1|s_1203,1,BRENDA,,,,,,
yeast|r_0771|g2|s_1203,1,BRENDA,,,,,,
yeast|r_0772|g1|s_1205,1,BRENDA,,,,,,
yeast|r_0772|g2|s_1205,1,BRENDA,,,,,,
yeast|r_0772|g3|s_1205,1,BRENDA,,,,,,
yeast|r_0773|g1|s_1205,1,BRENDA,,,,,,
yeast|r_0781|g1|s_1216,1,BRENDA,,,,,,
yeast|r_0799|g1|s_0647,1,BRENDA,,,,,,
yeast|r_0810|g1|s_0740,1,BRENDA,,,,,,
yeast|r_0815|g1|s_0981,1,BRENDA,,,,,,
yeast|r_0815|g2|s_0981,1,BRENDA,,,,,,
yeast|r_0815|g3|s_0981,1,BRENDA,,,,,,
yeast|r_0817|g1|s_1266,2,BRENDA,0.10473535052001304,0.05236767526000652,0.05236767526000652,,0.0,0.0
yeast|r_0821|g1|s_1270,5,BRENDA,0.4673614174305061,0.0,0.09347228348610122,,0.10000000000000053,0.0
yeast|r_0851|g1|s_1032,1,BRENDA,,,,,,
yeast|r_0853|g1|s_1034,5,BRENDA,1.0153943274902626,0.1249387366082999,0.24390286202923744,,0.2999999999999998,0.0
yeast|r_0854|g1|s_0951,1,BRENDA,,,,,,
yeast|r_0884|g1|s_0434,1,BRENDA,,,,,,
yeast|r_0884|g1|s_1271,2,BRENDA,2.3077633783229494,1.1538816891614747,1.1538816891614747,,,
yeast|r_0889|g1|s_0340,2,SABIO-RK,0.0055541081489098865,0.0027770540744549432,0.0027770540744549432,,0.0,0.0
yeast|r_0889|g1|s_1207,2,SABIO-RK,0.0055541081489098865,0.0027770540744549432,0.0027770540744549432,,0.0,0.0
yeast|r_0889|g2|s_0340,2,SABIO-RK,0.0055541081489098865,0.0027770540744549432,0.0027770540744549432,,0.0,0.0
yeast|r_0889|g2|s_1207,2,SABIO-RK,0.0055541081489098865,0.0027770540744549432,0.0027770540744549432,,0.0,0.0
yeast|r_0892|g1|s_0075,4,SABIO-RK,2.0175243449835323,1.0087621724917661,1.0087621724917661,,0.0,0.0
yeast|r_0892|g1|s_0394,23,BRENDA;SABIO-RK,2.4521924658179417,0.5042236477549111,0.5312954582761676,1.0518910005970752,1.5999999999999996,26.0
yeast|r_0893|g1|s_0260,2,BRENDA,0.0,0.0,0.0,,,
yeast|r_0893|g2|s_0260,6,BRENDA,5.770033360161465,0.017039894786137655,0.9906762991611663,,,
yeast|r_0913|g1|s_1187,1,BRENDA,,,,,,
yeast|r_0936|g1|s_1181,1,BRENDA,,,,,,
yeast|r_0937|g1|s_1442,1,BRENDA,,,,,,
yeast|r_0938|g1|s_1377,2,BRENDA,0.09931057190519255,0.04965528595259627,0.04965528595259627,,0.0,
yeast|r_0941|g1|s_1035,1,BRENDA,,,,,,
yeast|r_0943|g1|s_1218,1,BRENDA,,,,,,
yeast|r_0954|g1|s_1395,1,BRENDA,,,,,,
yeast|r_0955|g1|s_1398,1,BRENDA,,,,,,
yeast|r_0958|g1|s_0434,1,BRENDA,,,,,,
yeast|r_0958|g1|s_0445,1,BRENDA,,,,,,
yeast|r_0958|g1|s_1399,1,BRENDA,,,,,,
yeast|r_0958|g2|s_0434,1,BRENDA,,,,,,
yeast|r_0958|g2|s_0445,1,BRENDA,,,,,,
yeast|r_0958|g2|s_1399,1,BRENDA,,,,,,
yeast|r_0959|g1|s_1399,1,BRENDA,,,,,,
yeast|r_0959|g2|s_1399,1,BRENDA,,,,,,
yeast|r_0959|g3|s_1399,1,BRENDA,,,,,,
yeast|r_0960|g1|s_1399,1,BRENDA,,,,,,
yeast|r_0960|g2|s_1399,1,BRENDA,,,,,,
yeast|r_0960|g3|s_1399,1,BRENDA,,,,,,
yeast|r_0962|g1|s_0394,25,SABIO-RK,1.8469740450130123,0.44626656100134543,0.44649804398467247,,2.0,
yeast|r_0962|g1|s_1360,25,SABIO-RK,1.8469740450130123,0.44626656100134543,0.44649804398467247,,2.0,
yeast|r_0962|g2|s_0394,25,SABIO-RK,1.8469740450130123,0.44626656100134543,0.44649804398467247,,2.0,
yeast|r_0962|g2|s_1360,29,BRENDA;SABIO-RK,1.8469740450130123,0.465271981903868,0.4262027550900817,0.32041334023223533,2.0,
yeast|r_0984|g1|s_0577,1,BRENDA,,,,,,
yeast|r_0986|g1|s_1416,11,SABIO-RK,2.041392685158225,0.09691001300805624,0.35604126804999314,,0.0,0.0
yeast|r_0986|g1|s_1569,11,SABIO-RK,2.041392685158225,0.09691001300805624,0.35604126804999314,,0.0,0.0
yeast|r_0995|g1|s_0434,5,BRENDA,1.3869446243705745,0.5484328497527258,0.4430018650172102,,0.0,0.0
yeast|r_0995|g1|s_1039,5,BRENDA,1.237360915794604,0.287801729930226,0.31227496367585494,,,
yeast|r_0995|g2|s_0434,5,BRENDA,1.3869446243705745,0.5484328497527258,0.4430018650172102,,0.0,0.0
yeast|r_0995|g2|s_1039,5,BRENDA,1.237360915794604,0.287801729930226,0.31227496367585494,,,
yeast|r_1012|g1|s_0190,2,BRENDA,0.7942380702770984,0.3971190351385492,0.3971190351385492,,,
yeast|r_1024|g1|s_1466,1,BRENDA,,,,,,
yeast|r_1038|g1|s_1212,1,BRENDA,,,,,,
yeast|r_1040|g1|s_1045,1,BRENDA,,,,,,
yeast|r_1042|g1|s_1045,1,BRENDA,,,,,,
yeast|r_1043|g1|s_1047,1,BRENDA,,,,,,
yeast|r_1049|g1|s_0581,4,BRENDA,1.954242509439325,0.5273065272784438,0.7271212547196624,,0.0,0.0
yeast|r_1049|g2|s_0581,4,BRENDA,1.954242509439325,0.5273065272784438,0.7271212547196624,,0.0,0.0
yeast|r_1050|g1|s_0551,2,BRENDA,1.6927210550590173,0.8463605275295085,0.8463605275295085,,,
yeast|r_1050|g1|s_0581,4,BRENDA,1.954242509439325,0.5273065272784438,0.7271212547196624,,0.0,0.0
yeast|r_1050|g2|s_0551,2,BRENDA,1.6927210550590173,0.8463605275295085,0.8463605275295085,,,
yeast|r_1050|g2|s_0581,4,BRENDA,1.954242509439325,0.5273065272784438,0.7271212547196624,,0.0,0.0
yeast|r_1054|g1|s_0629,1,BRENDA,,,,,,
yeast|r_1063|g1|s_0991,1,BRENDA,,,,,,
yeast|r_1066|g1|s_1051,2,BRENDA,0.01930515519538667,0.009652577597693335,0.009652577597693335,,0.0,0.0
yeast|r_1067|g1|s_1053,2,BRENDA,0.01930515519538667,0.009652577597693335,0.009652577597693335,,0.0,0.0
yeast|r_1071|g1|s_0410,1,BRENDA,,,,,,
yeast|r_1094|g1|s_0434,1,BRENDA,,,,,,
yeast|r_1094|g1|s_0580,1,BRENDA,,,,,,
yeast|r_1838|g1|s_0182,1,SABIO-RK,,,,,,
yeast|r_1838|g1|s_0376,2,SABIO-RK,0.30102999566398125,0.15051499783199063,0.15051499783199063,,0.0,0.0
yeast|r_1838|g1|s_0807,2,SABIO-RK,0.30102999566398125,0.15051499783199063,0.15051499783199063,,0.0,0.0
yeast|r_1838|g2|s_0182,2,BRENDA;SABIO-RK,0.32026935364965126,0.16013467682482563,0.16013467682482563,0.32026935364965126,0.0,5.0
yeast|r_1838|g2|s_0376,3,BRENDA;SABIO-RK,0.3483989703812356,0.04736897471725432,0.11613299012707852,0.19788397254924495,0.0,5.0
yeast|r_1838|g2|s_0807,2,SABIO-RK,0.30102999566398125,0.15051499783199063,0.15051499783199063,,0.0,0.0
yeast|r_2115|g1|s_0359,2,BRENDA;SABIO-RK,0.2502258794249541,0.12511293971247706,0.12511293971247706,0.2502258794249541,0.5,0.0
yeast|r_2115|g1|s_0794,1,SABIO-RK,,,,,,
yeast|r_2115|g1|s_1203,1,SABIO-RK,,,,,,
yeast|r_2115|g2|s_0359,1,SABIO-RK,,,,,,
yeast|r_2115|g2|s_0794,1,SABIO-RK,,,,,,
yeast|r_2115|g2|s_1203,1,SABIO-RK,,,,,,
yeast|r_2145|g1|s_1214,1,BRENDA,,,,,,
yeast|r_2146|g1|s_1214,1,BRENDA,,,,,,
yeast|r_2147|g1|s_1214,1,BRENDA,,,,,,
yeast|r_2432|g1|s_3083,1,BRENDA,,,,,,
yeast|r_2433|g1|s_3083,1,BRENDA,,,,,,
yeast|r_2434|g1|s_3083,1,BRENDA,,,,,,
yeast|r_2435|g1|s_3083,1,BRENDA,,,,,,
yeast|r_2436|g1|s_3083,1,BRENDA,,,,,,
yeast|r_2437|g1|s_3083,1,BRENDA,,,,,,
yeast|r_2438|g1|s_3083,1,BRENDA,,,,,,
yeast|r_2439|g1|s_3083,1,BRENDA,,,,,,
yeast|r_2440|g1|s_3093,1,BRENDA,,,,,,
yeast|r_2441|g1|s_3093,1,BRENDA,,,,,,
yeast|r_2442|g1|s_3093,1,BRENDA,,,,,,
yeast|r_2443|g1|s_3093,1,BRENDA,,,,,,
yeast|r_2444|g1|s_3093,1,BRENDA,,,,,,
yeast|r_2445|g1|s_3093,1,BRENDA,,,,,,
yeast|r_2820|g1|s_2856,1,BRENDA,,,,,,
yeast|r_2820|g2|s_2856,1,BRENDA,,,,,,
yeast|r_2821|g1|s_2856,1,BRENDA,,,,,,
yeast|r_2821|g2|s_2856,1,BRENDA,,,,,,
yeast|r_2822|g1|s_2856,1,BRENDA,,,,,,
yeast|r_2822|g2|s_2856,1,BRENDA,,,,,,
yeast|r_2823|g1|s_2856,1,BRENDA,,,,,,
yeast|r_2823|g2|s_2856,1,BRENDA,,,,,,
yeast|r_2824|g1|s_2856,1,BRENDA,,,,,,
yeast|r_2824|g2|s_2856,1,BRENDA,,,,,,
yeast|r_2825|g1|s_2856,1,BRENDA,,,,,,
yeast|r_2825|g2|s_2856,1,BRENDA,,,,,,
yeast|r_2826|g1|s_2856,1,BRENDA,,,,,,
yeast|r_2826|g2|s_2856,1,BRENDA,,,,,,
yeast|r_2827|g1|s_2856,1,BRENDA,,,,,,
yeast|r_2827|g2|s_2856,1,BRENDA,,,,,,
yeast|r_2828|g1|s_3341,1,BRENDA,,,,,,
yeast|r_2829|g1|s_3341,1,BRENDA,,,,,,
yeast|r_2830|g1|s_3341,1,BRENDA,,,,,,
yeast|r_2831|g1|s_3341,1,BRENDA,,,,,,
yeast|r_2832|g1|s_3341,1,BRENDA,,,,,,
yeast|r_2833|g1|s_3341,1,BRENDA,,,,,,
yeast|r_2834|g1|s_3341,1,BRENDA,,,,,,
yeast|r_2835|g1|s_3341,1,BRENDA,,,,,,
yeast|r_2844|g1|s_0438,1,BRENDA,,,,,,
yeast|r_2845|g1|s_0438,1,BRENDA,,,,,,
yeast|r_2846|g1|s_0438,1,BRENDA,,,,,,
yeast|r_2847|g1|s_0438,1,BRENDA,,,,,,
yeast|r_2848|g1|s_0438,1,BRENDA,,,,,,
yeast|r_2849|g1|s_0438,1,BRENDA,,,,,,
yeast|r_2850|g1|s_0438,1,BRENDA,,,,,,
yeast|r_2851|g1|s_0438,1,BRENDA,,,,,,
yeast|r_4045|g1|s_1556,1,BRENDA,,,,,,
yeast|r_4157|g1|s_3760,1,BRENDA,,,,,,
yeast|r_4157|g2|s_3760,1,BRENDA,,,,,,
yeast|r_4160|g1|s_3761,1,BRENDA,,,,,,
yeast|r_4184|g1|s_3806,1,BRENDA,,,,,,
yeast|r_4187|g1|s_1037,1,BRENDA,,,,,,
yeast|r_4217|g1|s_0926,3,BRENDA,0.20983984214334098,0.07255066714861172,0.06994661404778033,,1.0,
yeast|r_4226|g1|s_0180,1,BRENDA,,,,,,
yeast|r_4226|g1|s_0955,2,BRENDA,2.0592381299902858,1.0296190649951429,1.0296190649951429,,0.5,0.0
yeast|r_4248|g1|s_3904,3,BRENDA,0.11317762572250967,0.0,0.03772587524083656,,,0.0
yeast|r_4251|g1|s_0541,1,BRENDA,,,,,,
yeast|r_4251|g1|s_3907,1,BRENDA,,,,,,
yeast|r_4283|g1|s_0434,2,SABIO-RK,0.7914291874822168,0.3957145937411084,0.3957145937411084,,0.0,0.0
yeast|r_4284|g1|s_0434,2,SABIO-RK,0.7914291874822168,0.3957145937411084,0.3957145937411084,,0.0,0.0
yeast|r_4284|g1|s_3949,2,BRENDA,0.197410605882813,0.0987053029414065,0.0987053029414065,,0.0,0.0
yeast|r_4285|g1|s_0434,2,SABIO-RK,0.7914291874822168,0.3957145937411084,0.3957145937411084,,0.0,0.0
yeast|r_4285|g1|s_3951,4,BRENDA;SABIO-RK,1.7747234939793641,0.4916471532485736,0.6401517986484246,1.280303597296849,1.0,8.0
yeast|r_4286|g1|s_0434,2,SABIO-RK,0.7914291874822168,0.3957145937411084,0.3957145937411084,,0.0,0.0
yeast|r_4287|g1|s_0434,2,SABIO-RK,0.7914291874822168,0.3957145937411084,0.3957145937411084,,0.0,0.0
yeast|r_4288|g1|s_3952,1,BRENDA,,,,,,
yeast|r_4312|g1|s_1416,2,SABIO-RK,0.2894471779198131,0.14472358895990656,0.14472358895990656,,0.0,0.0
yeast|r_4312|g1|s_3991,2,SABIO-RK,0.2894471779198131,0.14472358895990656,0.14472358895990656,,0.0,0.0
yeast|r_4317|g1|s_3998,1,BRENDA,,,,,,
yeast|r_4318|g1|s_3999,1,BRENDA,,,,,,
yeast|r_4333|g1|s_4018,2,BRENDA,0.12963385781667958,0.06481692890833979,0.06481692890833979,,,12.0
yeast|r_4333|g2|s_4018,2,BRENDA,0.12963385781667958,0.06481692890833979,0.06481692890833979,,,12.0
yeast|r_4340|g1|s_0373,15,BRENDA;SABIO-RK,4.929418925714293,0.5492076840026867,0.9198315512222025,1.189056236220049,0.0,0.0
yeast|r_4652|g1|s_0794,1,SABIO-RK,,,,,,
yeast|r_4652|g1|s_1203,1,SABIO-RK,,,,,,
yeast|r_4652|g1|s_4232,1,BRENDA,,,,,,
yeast|r_4652|g2|s_0794,1,SABIO-RK,,,,,,
yeast|r_4652|g2|s_1203,1,SABIO-RK,,,,,,
yeast|r_4652|g2|s_4232,1,BRENDA,,,,,,
yeast|r_4652|g3|s_0794,1,SABIO-RK,,,,,,
yeast|r_4652|g3|s_1203,1,SABIO-RK,,,,,,
yeast|r_4652|g3|s_4232,1,BRENDA,,,,,,
yeast|r_4653|g1|s_0799,1,SABIO-RK,,,,,,
yeast|r_4653|g1|s_1205,1,SABIO-RK,,,,,,
yeast|r_4653|g1|s_4234,1,BRENDA,,,,,,
yeast|r_4653|g2|s_0799,1,SABIO-RK,,,,,,
yeast|r_4653|g2|s_1205,1,SABIO-RK,,,,,,
yeast|r_4653|g2|s_4234,1,BRENDA,,,,,,
yeast|r_4654|g1|s_0794,17,SABIO-RK,1.646538263049465,0.11150691123552248,0.2725890531910555,,3.3,0.0
yeast|r_4654|g1|s_1212,10,SABIO-RK,1.646538263049465,0.11425902957833911,0.360399688210221,,3.3,0.0
yeast|r_4654|g1|s_4232,2,SABIO-RK,0.1839165965676377,0.09195829828381885,0.09195829828381885,,0.0,0.0
yeast|r_4654|g2|s_0794,17,SABIO-RK,1.646538263049465,0.11150691123552248,0.2725890531910555,,3.3,0.0
yeast|r_4654|g2|s_1212,10,SABIO-RK,1.646538263049465,0.11425902957833911,0.360399688210221,,3.3,0.0
yeast|r_4654|g2|s_4232,2,SABIO-RK,0.1839165965676377,0.09195829828381885,0.09195829828381885,,0.0,0.0
yeast|r_4654|g3|s_0794,17,SABIO-RK,1.646538263049465,0.11150691123552248,0.2725890531910555,,3.3,0.0
yeast|r_4654|g3|s_1212,10,SABIO-RK,1.646538263049465,0.11425902957833911,0.360399688210221,,3.3,0.0
yeast|r_4654|g3|s_4232,2,SABIO-RK,0.1839165965676377,0.09195829828381885,0.09195829828381885,,0.0,0.0
yeast|r_4661|g1|s_0794,1,SABIO-RK,,,,,,
yeast|r_4661|g1|s_1203,1,SABIO-RK,,,,,,
yeast|r_4661|g2|s_0794,1,SABIO-RK,,,,,,
yeast|r_4661|g2|s_1203,1,SABIO-RK,,,,,,
yeast|r_4661|g3|s_0794,1,SABIO-RK,,,,,,
yeast|r_4661|g3|s_1203,1,SABIO-RK,,,,,,
yeast|r_4662|g1|s_0799,1,SABIO-RK,,,,,,
yeast|r_4662|g1|s_1205,1,SABIO-RK,,,,,,
yeast|r_4662|g2|s_0799,1,SABIO-RK,,,,,,
yeast|r_4662|g2|s_1205,1,SABIO-RK,,,,,,
yeast|r_4663|g1|s_0794,17,SABIO-RK,1.646538263049465,0.11150691123552248,0.2725890531910555,,3.3,0.0
yeast|r_4663|g1|s_1212,10,SABIO-RK,1.646538263049465,0.11425902957833911,0.360399688210221,,3.3,0.0
yeast|r_4663|g2|s_0794,17,SABIO-RK,1.646538263049465,0.11150691123552248,0.2725890531910555,,3.3,0.0
yeast|r_4663|g2|s_1212,10,SABIO-RK,1.646538263049465,0.11425902957833911,0.360399688210221,,3.3,0.0
yeast|r_4663|g3|s_0794,17,SABIO-RK,1.646538263049465,0.11150691123552248,0.2725890531910555,,3.3,0.0
yeast|r_4663|g3|s_1212,10,SABIO-RK,1.646538263049465,0.11425902957833911,0.360399688210221,,3.3,0.0
yeast|r_4670|g1|s_0794,1,SABIO-RK,,,,,,
yeast|r_4670|g1|s_1203,1,SABIO-RK,,,,,,
yeast|r_4670|g2|s_0794,1,SABIO-RK,,,,,,
yeast|r_4670|g2|s_1203,1,SABIO-RK,,,,,,
yeast|r_4670|g3|s_0794,1,SABIO-RK,,,,,,
yeast|r_4670|g3|s_1203,1,SABIO-RK,,,,,,
yeast|r_4671|g1|s_0799,1,SABIO-RK,,,,,,
yeast|r_4671|g1|s_1205,1,SABIO-RK,,,,,,
yeast|r_4671|g2|s_0799,1,SABIO-RK,,,,,,
yeast|r_4671|g2|s_1205,1,SABIO-RK,,,,,,
yeast|r_4672|g1|s_0794,17,SABIO-RK,1.646538263049465,0.11150691123552248,0.2725890531910555,,3.3,0.0
yeast|r_4672|g1|s_1212,10,SABIO-RK,1.646538263049465,0.11425902957833911,0.360399688210221,,3.3,0.0
yeast|r_4672|g2|s_0794,17,SABIO-RK,1.646538263049465,0.11150691123552248,0.2725890531910555,,3.3,0.0
yeast|r_4672|g2|s_1212,10,SABIO-RK,1.646538263049465,0.11425902957833911,0.360399688210221,,3.3,0.0
yeast|r_4672|g3|s_0794,17,SABIO-RK,1.646538263049465,0.11150691123552248,0.2725890531910555,,3.3,0.0
yeast|r_4672|g3|s_1212,10,SABIO-RK,1.646538263049465,0.11425902957833911,0.360399688210221,,3.3,0.0
yeast|r_4723|g1|s_4290,2,BRENDA,0.12963385781667958,0.06481692890833979,0.06481692890833979,,,12.0
yeast|r_4723|g2|s_4290,2,BRENDA,0.12963385781667958,0.06481692890833979,0.06481692890833979,,,12.0
yeast|r_4724|g1|s_4291,2,BRENDA,0.12963385781667958,0.06481692890833979,0.06481692890833979,,,12.0
yeast|r_4724|g2|s_4291,2,BRENDA,0.12963385781667958,0.06481692890833979,0.06481692890833979,,,12.0
yeast|r_4725|g1|s_4292,2,BRENDA,0.12963385781667958,0.06481692890833979,0.06481692890833979,,,12.0
yeast|r_4725|g2|s_4292,2,BRENDA,0.12963385781667958,0.06481692890833979,0.06481692890833979,,,12.0
yeast|r_4755|g1|s_1401,1,BRENDA,,,,,,
yeast|r_4755|g2|s_1401,1,BRENDA,,,,,,
yeast|r_4774|g1|s_4325,1,BRENDA,,,,,,
